userWallet,total_borrowed_usd,total_repaid_usd,net_debt_usd
0x0000000002032370b971dabd36d72f3e5a7bf1ee,0.0,0.0,0.0
0x000000000a38444e0a6e37d3b630d7e855a7cb13,0.0,0.0,0.0
0x000000003ce0cf2c037493b1dc087204bd7f713e,0.0,0.0,0.0
0x0000000506063a51c6ce59906d8c40f7d7fe92a7,0.0,0.0,0.0
0x00000029ff545c86524ade7caf132527707948c4,0.0,0.0,0.0
0x00000087c4cebffb95746d1935de7fbcab092f40,0.0,0.0,0.0
0x000000e28faa823d5b53ff6c2922c28335840375,0.0,0.0,0.0
0x000006eee6e39015cb523aebdd4d0b1855aba682,0.0,0.0,0.0
0x00002b503a75998c97508916a74fdb41934fa030,0.0,0.0,0.0
0x0000ce08fa224696a819877070bf378e8b131acf,0.0,0.0,0.0
0x00010a708585ba4812a1c5976182626c75cb7a6b,0.0,0.0,0.0
0x0003816b25fd3d6c112eb65c089760fa3f791947,0.0,0.0,0.0
0x0003bbb966655dc0fbbb380797b07fc547e9ddc5,0.0,0.0,0.0
0x0003f46779806fe779e7f30eec95dbdb4d45840b,0.0,0.0,0.0
0x0004849537dab5c33fc8c494d05313dfbe2d99f3,0.0,0.0,0.0
0x0004a89403e17f544bfbd25ecb1a7d9215a1d61b,0.0,0.0,0.0
0x0004d4112ee696dabc22b221bef156ecdaeb1a59,0.0,0.0,0.0
0x0005696d4be2359526c497fe4a4c0620b41f2426,0.0,0.0,0.0
0x000a27ba176083e4b50177378cbe7469a00dd557,0.0,0.0,0.0
0x000a3d1bef684a7c029267a26068de56b1c1b4dc,0.0,0.0,0.0
0x000ab43e658935ba39504a1424b01756c1e9644c,0.0,0.0,0.0
0x000c8e2871750f458bf1de8ab528dda09bc95db6,0.0,0.0,0.0
0x000cdb5d7a2cda2947603f2993f05db57e3197dc,0.0,0.0,0.0
0x000cef8f0ab0a2fadbecaeb92e8781ab3e04b01e,0.0,0.0,0.0
0x000deb0c92e6d3da7f77ed01b8473b3f7f4efc39,0.0,0.0,0.0
0x000e840a3122ec28d0c29321db172375cb049762,0.0,0.0,0.0
0x000e9bd1d42999446d60ff60f1fb3afb13604202,0.0,0.0,0.0
0x000f4432a40560bbff1b581a8b7aded8dab80026,0.0,0.0,0.0
0x000f7f22bfc28d940d4b68e13213ab17cf107790,0.0,0.0,0.0
0x000f908720f9ce164d90f4fc89459fab4442907f,0.0,0.0,0.0
0x000fbfec300959d0f2f327728a889c1f5de8e2df,0.0,0.0,0.0
0x0011730224657eb527cf736039854c3a3f140e63,0.0,0.0,0.0
0x00120ea6fdbaf057eadc1bd149f957488444e92c,0.0,0.0,0.0
0x00129c4ce6be31b273de64c65ff3fcdd4706a002,0.0,0.0,0.0
0x0014dfac19477a83d7354e6eaac28642c1959398,0.0,0.0,0.0
0x001589fe1923c2118f34e4277f2ef650fcbf0161,0.0,0.0,0.0
0x00159370cbe576b765a7fb2e78582e0cb563d445,0.0,0.0,0.0
0x0016469a65facda9e86fd0ae0e9661128843c224,0.0,0.0,0.0
0x00183135585d70a523d61b2e43037a7138b36906,0.0,0.0,0.0
0x00184e8aa1e95f491f2d9601e12b540092160ded,0.0,0.0,0.0
0x0018d044b946ede86b43bb3b964a45772a5abeb9,0.0,0.0,0.0
0x0019971fb18fbfc9108d90eb2cdd4d5a0a897eee,0.0,0.0,0.0
0x001b024b98ee862aa01eea595c4c16a0213d2611,0.0,0.0,0.0
0x001bc3cfc3eed892dd6de07807333f2b05c5b4e9,0.0,0.0,0.0
0x001bc97d92e1a30b02d4e75be25f06063555d556,0.0,0.0,0.0
0x00246f7813397868b1beec56e1677efa47816dae,0.0,0.0,0.0
0x00261d225db379b3fc74cd0228d6f90582d39035,0.0,0.0,0.0
0x00262ffcfda82b5582d1905ca05b849f196b0419,0.0,0.0,0.0
0x002775390698ef16589bb22bba37ae7906ae2f36,0.0,0.0,0.0
0x0027f7335d610f15b325baa5798414548720fcaa,0.0,0.0,0.0
0x002aea16059a7d4bef638a03b61a9e80ef07e745,0.0,0.0,0.0
0x002cd2707daccbd5f3f192a565fca0a2cea021a6,0.0,0.0,0.0
0x002d2715b179d0db3e17cc28317a98f2f65e6884,0.0,0.0,0.0
0x002dcc4d0ad0bdce1c444ad0bb4d51ac7e61d62b,0.0,0.0,0.0
0x002de04d579930686698abab5f48bda0b24fb9fc,0.0,0.0,0.0
0x002e5e69ae7c8999834ee24aeb5c26ad05433820,0.0,0.0,0.0
0x002f93d5a1ca66a2a64b490bd0a0291c1a1c02b6,0.0,0.0,0.0
0x00301da1d3b20fd6b8451a791a8b1a5e20599fb8,0.0,0.0,0.0
0x0030d58fd7c5af92c6e9bbf4d06255b6a9d1490a,0.0,0.0,0.0
0x0030ee334630838ea4dee0b4b6ecbc973529031f,0.0,0.0,0.0
0x00329e92ed6fd0a0ef76da9c476d51faeb6b26a0,0.0,0.0,0.0
0x0034baeeb160a5f1032b6d124d3e87cc94d74e62,0.0,0.0,0.0
0x0035e2e614e53a5ebf5a518dede926a7fcec4f91,0.0,0.0,0.0
0x0036534c48a754163f0f446601f36bcfda840f57,0.0,0.0,0.0
0x00368bb9dba2ee83f3553feae59710b9c3743e09,0.0,0.0,0.0
0x0036a3f98bc84afb07fe42421f5a14cfe3c33219,0.0,0.0,0.0
0x0036bc671c03460dec7d0ab24f45df0cf33d042b,0.0,0.0,0.0
0x0037daf6fb154db55110ced85cb4ba9e1204ca17,0.0,0.0,0.0
0x00389de87cae34a6f89e13cc8225c4984add8b37,0.0,0.0,0.0
0x0039e71541bdc798d062346bce94230bf519bb72,0.0,0.0,0.0
0x003a85c562730b196f7cba202a2515f2ff855736,0.0,0.0,0.0
0x003a969ef82e876824b4131a1bbafbdb46a2ca90,0.0,0.0,0.0
0x003ae6c26a2655eb54c1e53b03a266d97f3512e6,0.0,0.0,0.0
0x003be39433bde975b12411fbc3025d49d813a84f,0.0,0.0,0.0
0x003e41b4f19f27ab2a07c19abe2d99ecb492ce62,0.0,0.0,0.0
0x003e9a119439ef34de3237034cee95675b01d5d4,0.0,0.0,0.0
0x003edfecb016131dbd485c72f3b6f2e98a1429d9,0.0,0.0,0.0
0x00402e826833fbeb6f67072f3df3c8554a0b10e6,0.0,0.0,0.0
0x00405f7b768a9a6b81e8060a17f0550501acf6be,0.0,0.0,0.0
0x0041dac13d9365b4d695fb612950dc71884f8db1,0.0,0.0,0.0
0x004403abb2246c48ac770e30e7b36e3b16e152a1,0.0,0.0,0.0
0x0044803a27c6c45babd3fb7affb80b3f913579d7,0.0,0.0,0.0
0x0044f0ab1281b2bc850bfa39123dec1e8e09001d,0.0,0.0,0.0
0x00452d3fd0e6bd68943b30af56a8df4eb7685387,0.0,0.0,0.0
0x0048e6fd005224e7e9f00058c630307f0710a84b,0.0,0.0,0.0
0x0049436d8c3da52d604cdc390e45026b2662d7f7,0.0,0.0,0.0
0x00495585ecf70ad7dd71797c2a22951ed92b9a24,0.0,0.0,0.0
0x0049d23daaafeaac69e336ffe9dcb9ca14dac781,0.0,0.0,0.0
0x004afb002e3fb33c833fc16b6b63103bbf97312d,0.0,0.0,0.0
0x004bac9f45af6848ffbdf0dec8f47023ccd7a138,0.0,0.0,0.0
0x004ce54398cc569a622bf5a99ae857306243c8ec,0.0,0.0,0.0
0x004d71c111862702272e6beccdaafb07c9b96c37,0.0,0.0,0.0
0x00515e4f8a5c52a526f48c3ea07238143e2c04fc,0.0,0.0,0.0
0x0051e6e6cde6392c01b4cf6b97d9f5c50ec9817c,0.0,0.0,0.0
0x0051ed91501bdefede70975ec9459a0dd3c5657b,0.0,0.0,0.0
0x00526e91ec022d8596bda04092071c1da6b5322e,0.0,0.0,0.0
0x0052c9f2cc95f743412d6daaf3c93bcd1793479d,0.0,0.0,0.0
0x0053b5daa6d4c2e3d16f2b9c10dc04e92b14a818,0.0,0.0,0.0
0x00548bf85d26850ad7ad55ca90ba02572349f648,0.0,0.0,0.0
0x00561a0d394a2cad87c811615f72b61cb0ed3faa,0.0,0.0,0.0
0x005661a7a441451fafdccd579905a7dbc79fd538,0.0,0.0,0.0
0x0056d1fd2ca3c0f3a7b6ed6cdd1f1f104b4bf9a9,0.0,0.0,0.0
0x005711ac01b67981d6b627c09470cce29dbd3353,0.0,0.0,0.0
0x0057bd83a142da84b6404616c683e21e7dd6fa5f,0.0,0.0,0.0
0x0057dbd2cb881113aa7b55e4ce62af8234519e01,0.0,0.0,0.0
0x005a945c426fe1f2eb3c4b04585a2427f7a032a8,0.0,0.0,0.0
0x005ab5979532d34dc60a4582597464df0b5a7c87,0.0,0.0,0.0
0x005ae07a1782019253917d76334a0579ac3a9b64,0.0,0.0,0.0
0x005b0743d8b2ed646499dc48b64b95e71b8afa43,0.0,0.0,0.0
0x005b35993837ffbc6ebfa08d2e4ac40fdb0a63d1,0.0,0.0,0.0
0x005b8864b832d250e97996febb2b6a10b4562fd1,0.0,0.0,0.0
0x005bf9036a459545ec86252db2a37667a5823b94,0.0,0.0,0.0
0x005c7aa4001747cd4bf25c777318a13191a182ac,0.0,0.0,0.0
0x005ce3720edd52ef800ed68bfe29114a7d86e623,0.0,0.0,0.0
0x005d9ffbbd210f6b04d7f0880f5c49130d38ff0d,0.0,0.0,0.0
0x005e5cac6eb7637edf689403e01b86bda451ef61,0.0,0.0,0.0
0x005f16f017aa933bb41965b52848ceb8ee48b171,0.0,0.0,0.0
0x005f4ed154aec7b147190c97d3f2535fc8360b12,0.0,0.0,0.0
0x005fe34dfd8c3b7994d608a374cedcc44b73e0bd,0.0,0.0,0.0
0x00626b79d2972dfd10463e1871f8edcf8aae5bb3,0.0,0.0,0.0
0x0062cb1c249a8579e155794dc86960e4f88af402,0.0,0.0,0.0
0x0063d9477fd76b7c9732917b3b884d918607a804,0.0,0.0,0.0
0x00645dd21310882cc32399abcb54e0a05b3b5d1d,0.0,0.0,0.0
0x0064f7e15fdf96a5225d4cc07b38eef45c8bdc46,0.0,0.0,0.0
0x006501f106d155981aac18b4d31a6e14d1e55fae,0.0,0.0,0.0
0x006551b8f041761e2e47bb4792b21e67786b3452,0.0,0.0,0.0
0x00668293095ef3ba3a62d566e2ac83fb81aec94f,0.0,0.0,0.0
0x00677d8b6fda25b199539633a8cd07074c855cb7,0.0,0.0,0.0
0x00694ba9219891081e07b31ebaf19abfd97e1acb,0.0,0.0,0.0
0x006acbf79f7c4580fa01ffa48085d832592f1b63,0.0,0.0,0.0
0x006d0cf97d1aef07271dcce6d0bd60e8d98966ec,0.0,0.0,0.0
0x006d0f31a00e1f9c017ab039e9d0ba699433a28c,0.0,0.0,0.0
0x006d1df30df75bfa607f41b3a4d67d4be51fe910,0.0,0.0,0.0
0x006f26845ed58e4503a0dd61c69708e3cc028cc5,0.0,0.0,0.0
0x006f74448baead5563915255c8fbc12fd7f6a5df,0.0,0.0,0.0
0x007078c8001b515b14000cc78306072a5dfd55b3,0.0,0.0,0.0
0x00707aa2eeff1ddb8b22bd1539f92818c9cb8a85,0.0,0.0,0.0
0x0070bc9033adf1e49517f98304f41f778d370208,0.0,0.0,0.0
0x0072b1fa7a78e6e2df568563fb551ad2fb8c01bc,0.0,0.0,0.0
0x0072b9af9a7dc5a42091f01d3d22bcf298d398fd,0.0,0.0,0.0
0x0073245e2bf4f38400634d4ba7527bbd34bfc6ba,0.0,0.0,0.0
0x0073943c869d55da3b7c8ab40ee3c2a68b65fb33,0.0,0.0,0.0
0x0076b2f8ead986bb6de67735313891c0876f4388,0.0,0.0,0.0
0x0076fcc7d245f6c7aaf07238adfb48adc62bdd55,0.0,0.0,0.0
0x00778698bbc902543b596af6e7c0aa13b614162d,0.0,0.0,0.0
0x007849ce924f0a3ed1baccbff2742a3d1cdc7ac0,0.0,0.0,0.0
0x0078c86e12186e2de1ff6fef5f1ada2bffde4ea5,0.0,0.0,0.0
0x0078dc11a5b751eb0e94d6c97cae29acf6e8579d,0.0,0.0,0.0
0x00795ff7870798a332a99c3969406286259dce8f,0.0,0.0,0.0
0x0079e0ce802e67adba53ac0e7927f45f6304ae6f,0.0,0.0,0.0
0x007c4bb067d9b6afeb4c13415477d396123c4aa3,0.0,0.0,0.0
0x007d42732fee6a2a8de421a06dcc02daf93e2b2f,0.0,0.0,0.0
0x007dc697bbc1bdfb0988db00ebb3d17d52fdda3d,0.0,0.0,0.0
0x007de57773b6eb4ebbf6a740dfde1efdd5629630,0.0,0.0,0.0
0x007e4e679e14f17d62607418f546e2d97d9e5a61,0.0,0.0,0.0
0x007e8e7ccdfc45f0a6319a3aa938203126f1d646,0.0,0.0,0.0
0x007f3da6715efd4b6994b7348b644b64b695d3b1,0.0,0.0,0.0
0x007f4172d3dcd318d7bd0eec9325ad5e4c2bcc8d,0.0,0.0,0.0
0x00800d9019001aff6e1eba3312e35e9b22d3f058,0.0,0.0,0.0
0x0080a01a45d5e023435dc82970ec2681a5ae050e,0.0,0.0,0.0
0x0080bdce06d56ce3911ad7f73e4c3bbd577e267b,0.0,0.0,0.0
0x008183a11eacc113e85007bd14bfbd6da3f687f9,0.0,0.0,0.0
0x0081b2ec2af3f22528d6581e6554aaba5141e985,0.0,0.0,0.0
0x0082a12e195b8f31660830132e72716225382075,0.0,0.0,0.0
0x008426fc298852d92a4a2b3607aa384a51c4b65a,0.0,0.0,0.0
0x008450344d3518a45a2d4fd0425eea6a5c08033d,0.0,0.0,0.0
0x00861fefcfef0a542b0a6c90ce1ee575e257a6c7,0.0,0.0,0.0
0x0086bf55d1e7225d1faf4f17ccd48983b0146cc6,0.0,0.0,0.0
0x0088b7a2ee442d30dc18b5fe9e3227af18120b02,0.0,0.0,0.0
0x008a34511b9808c41237d7568e409141ab10796b,0.0,0.0,0.0
0x008ae504ac6c0c89d32009c02b3a92e57fec188b,0.0,0.0,0.0
0x008af94ec70860b667caec3a2e2de07597db90c6,0.0,0.0,0.0
0x008b1ffe244bf31896c833bff4ad9009e7a0f4eb,0.0,0.0,0.0
0x008b61e1a118db01bc5e253da985c5f11fe04b4b,0.0,0.0,0.0
0x008bddb9cca2d92deee55a50d0f358eaf4b7f076,0.0,0.0,0.0
0x008d399b5936b8fc3d6ce86ad53ac001217e3978,0.0,0.0,0.0
0x008f1edc31890f9c66d4b9cf24c78dd651502274,0.0,0.0,0.0
0x008f96aab23e71c98398e6c5dabf2ee2ded9f15d,0.0,0.0,0.0
0x0090ca7a7e7923d6b67319c268f3eef1b5bd5d3c,0.0,0.0,0.0
0x00916ef0f7c59f94a28ec2a332b95d4c089a8d48,0.0,0.0,0.0
0x00917065867c9cb16d75abfbfa76aa69bd92ab75,0.0,0.0,0.0
0x0092a80c90069d5a243caa28fff0eddd5c03696d,0.0,0.0,0.0
0x0092f6fe26d0c54f9e60326e8d93cf6770cdf494,0.0,0.0,0.0
0x009330f669003eada06b676b6e5cb77415471e7e,0.0,0.0,0.0
0x0093660a2f58c0c38ce2ce0f894c86f9011478ea,0.0,0.0,0.0
0x0094cb1657ee9da34b93845aa142eaa59169ee05,0.0,0.0,0.0
0x0094ccf467b9b767df3203796250014a7174a87d,0.0,0.0,0.0
0x0095afc96094160cea6a5e00b5858369f25f3d74,0.0,0.0,0.0
0x0097f65bdc45149e5ffac00e4c51a5b073af7245,0.0,0.0,0.0
0x00983187e18f62a2ac1dcebd63f2e5f50394cc74,0.0,0.0,0.0
0x00988fe82c5550c2240c9874d55cbd100cd1a722,0.0,0.0,0.0
0x0098bc1587f679bd2e678bbf64ccfea4a0d3b899,0.0,0.0,0.0
0x009990e99b12f7ebcc594fb721fe56e4f88ac27e,0.0,0.0,0.0
0x0099a7b429f7541cbda34d6aa8cd82181fbb8bb5,0.0,0.0,0.0
0x009b21f6f8273fe12dbc9c8025ca27db7de16b8c,0.0,0.0,0.0
0x009b56330ae5ec5042b9ca46ddb3043cc0d006f3,0.0,0.0,0.0
0x009c52172355d5729543a64832249638822ff8c9,0.0,0.0,0.0
0x009c8da3408c57e8c4b6872fbbdf832dadf45c5e,0.0,0.0,0.0
0x009d3342ac1246d0e95a7f6772e11ce9f07b2560,0.0,0.0,0.0
0x009e8675b19be214d3f620e90c5e0de7a13c3c5a,0.0,0.0,0.0
0x009ff94a057c75f661e3e28f89b9b9d84e57fc67,0.0,0.0,0.0
0x00a0847926a77692495774f1c71ba8abef99dd52,0.0,0.0,0.0
0x00a09297f06b3790a37cffb2de91a0fccf0d5bac,0.0,0.0,0.0
0x00a3141fe0c2f5b67338cf9da496d1b3a65969e3,0.0,0.0,0.0
0x00a3d4e0134ff2046e9c9b83d3321625ba3da1bd,0.0,0.0,0.0
0x00a67dc242df79dd7f6145ce38840581ae90c110,0.0,0.0,0.0
0x00a72d7b5050e8fa50a471f2c9af1dc21eac4d36,0.0,0.0,0.0
0x00a73c4e596bec4c4068a9152da71e45480b5450,0.0,0.0,0.0
0x00a8bec03805bcfaafab1050dbcf90f57982d750,0.0,0.0,0.0
0x00a9481685d2cb1536bbe5188a898b38d36e34d8,0.0,0.0,0.0
0x00aab1b1a554f59b96a0de510837ba951ba375e0,0.0,0.0,0.0
0x00aac20f271c4731591cca07913e994d6f1075c0,0.0,0.0,0.0
0x00ab84845d68063c1dcd2a5f2cead5f253b249a2,0.0,0.0,0.0
0x00ac60244df04dfc07146f037d14f93320af57c9,0.0,0.0,0.0
0x00ad3d4cc099be937879451698c673cbd5c3cefc,0.0,0.0,0.0
0x00af05a74080485086d370d9c65d246f0f906528,0.0,0.0,0.0
0x00af158367a6fcdb1a367f6d503e05799f340881,0.0,0.0,0.0
0x00b43a92d45ccdfeef6ea98d56f775586fe9e39e,0.0,0.0,0.0
0x00b44f149ddb22209db070da0bca4bb01a6e555c,0.0,0.0,0.0
0x00b49bd7e1a75f98a82ca101909994e52a90e990,0.0,0.0,0.0
0x00b591bc2b682a0b30dd72bac9406bfa13e5d3cd,0.0,0.0,0.0
0x00b5ebd8c8561a28c1834fe08d7e607b73271328,0.0,0.0,0.0
0x00b65668a962ee571a8f223abd696ab1bd3a391f,0.0,0.0,0.0
0x00b7af5a4aaafd2ae2721ac415de840dd84efc5a,0.0,0.0,0.0
0x00b8bfc0b407187392aa9fe56eaa7c17b5ebec48,0.0,0.0,0.0
0x00b8e23fe7ddea6791131decc5117023dc03cfb0,0.0,0.0,0.0
0x00ba8ccbf0c1ce62834d72706fe3236387f5da35,0.0,0.0,0.0
0x00bb88a8309759a7c9f0a5c8e3a9364e8f564a8d,0.0,0.0,0.0
0x00bbcd7ea98da5f60ee393533aaa9edeb8573167,0.0,0.0,0.0
0x00bbfa640a4bac8f3650373be8f4bd77f0472101,0.0,0.0,0.0
0x00bc82902a4fbfa08fc5da418f642209f7b10c0f,0.0,0.0,0.0
0x00bdc8be263d20bb3a83aaeadfef258dd409e2df,0.0,0.0,0.0
0x00bf2f290d3aef716cd8127acc153c273c23c538,0.0,0.0,0.0
0x00bf6ec0064e1a733a0fcc6df071b2cf514ff0e8,0.0,0.0,0.0
0x00c26a3e7117cfe0e4afacff2a1be9e3d2384c6e,0.0,0.0,0.0
0x00c2e5aa91c2b6927a4e8533482c8217b450a6a1,0.0,0.0,0.0
0x00c33f577e35165e07dd9a43b2baf124163bac0a,0.0,0.0,0.0
0x00c3a5aceb3fe926a7a9772a6c4efd9f6beb7d73,0.0,0.0,0.0
0x00c3a7a09fe2fed6f8c163202aea9cfad99874b3,0.0,0.0,0.0
0x00c4a3ac304984f216b8a8a0c182fae7984c83dc,0.0,0.0,0.0
0x00c5514615e9aeb9cf51f2e635b33743ae062dfe,0.0,0.0,0.0
0x00c67d9d6d3d13b42a87424e145826c467cccd84,0.0,0.0,0.0
0x00c6bf08de7e3c560357b0b4e27da2fa6f8519eb,0.0,0.0,0.0
0x00c844967b2ab4c5ac26f44dcbffa7c06897e18e,0.0,0.0,0.0
0x00c98bc1a9458f9fb28887da8172e90df88da379,0.0,0.0,0.0
0x00c9acc867f576baf35e96521d139115b316a48d,0.0,0.0,0.0
0x00cc1cf9b3c95b432a90878bc2c2dbb7a3daaccb,0.0,0.0,0.0
0x00cc4cae4ce9cbd5c87f877b1c81acb8cc8bf223,0.0,0.0,0.0
0x00ce22866efe39c055ff21bda32b179a7683ab5f,0.0,0.0,0.0
0x00ce56c1f4780f46309b52054454a9ec913dd31e,0.0,0.0,0.0
0x00cfbd5d2e36dd8182318a074cb1f399b608bfec,0.0,0.0,0.0
0x00d2432e6af76a8150a7609d7ff11dbe44de8e14,0.0,0.0,0.0
0x00d29fbc981d05edba69bc0909e391a132271357,0.0,0.0,0.0
0x00d353a1b6e1a3b3a23e849c5d51772bb7fdaece,0.0,0.0,0.0
0x00d3addc7cb1637c73359d41949a1a369d7f092a,0.0,0.0,0.0
0x00d3ecff51b5e5b957c33c5656486ebfd60e58a7,0.0,0.0,0.0
0x00d5201c4def4d1a199c63e07eac53f43252a0ea,0.0,0.0,0.0
0x00d5615d3446b1719e6ee0684218891bc5a2100c,0.0,0.0,0.0
0x00d6cad0eb8fe405b4c27ca2071b0d0653b9c2fc,0.0,0.0,0.0
0x00d831f24309b3271297f19b8e9be846c8c531c4,0.0,0.0,0.0
0x00d8dc2f6648dfc0472a673d85f4bc022d5cd17a,0.0,0.0,0.0
0x00d94da07ea932ed8426e8dfd06615bda49b8022,0.0,0.0,0.0
0x00d9acf1d63eae19a1b0e416be85dd7754298ffc,0.0,0.0,0.0
0x00d9d164c3cdc126d33d541fe6e0cd55f4d4ed63,0.0,0.0,0.0
0x00da65b9d6ea469301021381f9b16cf3e80fa8b1,0.0,0.0,0.0
0x00da9446b29e3d2424b9db0c7e701ad33fdfedf4,0.0,0.0,0.0
0x00db170287aaa8a93b08cda808af76d11a5f0fff,0.0,0.0,0.0
0x00dc7f0ff419ed1634728a77146c6754541d2b82,0.0,0.0,0.0
0x00dcb0f4d625ca40a0f0cd2f45bbdbd343198793,0.0,0.0,0.0
0x00dd72466c9bc28c9765b406ea147c1e15dbc7ab,0.0,0.0,0.0
0x00de3a8bdee6e682c3509d66a947d05a8ca797af,0.0,0.0,0.0
0x00df99e12315cac90f49527b07d753b7fe9faccd,0.0,0.0,0.0
0x00dfae7aeadc69fce49cf389d2bee4aae67aa656,0.0,0.0,0.0
0x00e1ac868592c1fd51ed72abca14930075ed892f,0.0,0.0,0.0
0x00e22b85d329650e35a9d664b7c408a57820f13f,0.0,0.0,0.0
0x00e2362abcebe7833138bd460000ba5d4f6ee1e6,0.0,0.0,0.0
0x00e294652292776e4d59f416ef35a73cae0e01dc,0.0,0.0,0.0
0x00e3088ddbd715f119651a58964ce1714b590f34,0.0,0.0,0.0
0x00e421ba23dbe6a165255be382f46fcb927f8951,0.0,0.0,0.0
0x00e4f6071dcfc268ed4487e2a004d01e3666107e,0.0,0.0,0.0
0x00e650676a38478b3eee9e3eb741a6075b2c95c1,0.0,0.0,0.0
0x00e678b0cdae186eb3c4b08cfe3d1a698882c0af,0.0,0.0,0.0
0x00e6f8d8fb80b0c302a6bd849b79982dc9945b15,0.0,0.0,0.0
0x00e7092c338d69f7ae230081d862d347ef9dcf1e,0.0,0.0,0.0
0x00e839bc0c9a130afe30974914c4b0100756cff4,0.0,0.0,0.0
0x00e979f43658ae9cfb838b07d4b3bc70f12b93cb,0.0,0.0,0.0
0x00eadb769d931de24bb9252c3cc3a6f8de3f86cb,0.0,0.0,0.0
0x00eddd42021ba97a37097ad4286b893b206e12bc,0.0,0.0,0.0
0x00ee45c909dee53b4cf6af3a5fc3739cd2f9f2a3,0.0,0.0,0.0
0x00ee80c322d6e956d2629a73223605bbda946f2d,0.0,0.0,0.0
0x00ef17fb802141f4a12026c4492bafc43d8ab85e,0.0,0.0,0.0
0x00f00fa5ba62e19615bbf759b7155de7ba96f27b,0.0,0.0,0.0
0x00f14df956a8e0b34e0c5bddb6e39dec48ec7baa,0.0,0.0,0.0
0x00f4765d1e007cefc091d84c2bcd1c16ddcc2c87,0.0,0.0,0.0
0x00f4fa7ac6f012e7e65d325022ba1397a83ca694,0.0,0.0,0.0
0x00f5481262d4845b292ba0c41752de258b3bbeec,0.0,0.0,0.0
0x00f57a995e566fa107d36ca5443629c7bee31213,0.0,0.0,0.0
0x00f656a2953a15ddf8d9d9726b67dd4e61f238b9,0.0,0.0,0.0
0x00f777857b95c1d0fe7564ae343d1a00c80b38f1,0.0,0.0,0.0
0x00f83f560dea6e8317900beabc89be027da154f8,0.0,0.0,0.0
0x00f8a06340b52aee151b871a915c06af3c053470,0.0,0.0,0.0
0x00f8dcbf7f64e30efff649bd9f137af0eb80e4da,0.0,0.0,0.0
0x00f9126faecd227f6cd0ccba36865c9a7c55ff24,0.0,0.0,0.0
0x00fc6300b77a8ea902d576eafaa9ba40daa7c415,0.0,0.0,0.0
0x00fea8ef6f337ce6aa8b5bb7086ace94dd0434a7,0.0,0.0,0.0
0x00ff162742cd72f0a726cf90138a832ab5f0d48e,0.0,0.0,0.0
0x00ffb2daca4977f6edb65b21c21184eee6a5a72a,0.0,0.0,0.0
0x0102b4bf6272eae55dffc8008ba81ac2bab58ca0,0.0,0.0,0.0
0x0104b9e629be9b419a5f0b4974de5e8f2bb06399,0.0,0.0,0.0
0x0105c26c5d013bb32223dbb2a4bbd98e9b0c320a,0.0,0.0,0.0
0x0107aacde8714bd13357fc856d6b93b3f8b543e9,0.0,0.0,0.0
0x0107e33b5776e3052fdd624d6246df4f1d8ecddd,0.0,0.0,0.0
0x01080306fab7721ae1dbff1909df46b92a2c0b8c,0.0,0.0,0.0
0x0108678baac8accdcbff80294564f74725330907,0.0,0.0,0.0
0x01087080dca984b607e1ebf263330431f979e528,0.0,0.0,0.0
0x010b19435d2bcae650c41af62440e2de08444026,0.0,0.0,0.0
0x010d23b534006f4e4f174a7530d7d9e3c131732a,0.0,0.0,0.0
0x010da4bb5ed14c387bc92de075b58e2d0cee23b1,0.0,0.0,0.0
0x010e3a3a9aaf3d8ee76b26d154f8c16c970f477e,0.0,0.0,0.0
0x010e92ac8b581c760a4f3c877a4558e8cc278c70,0.0,0.0,0.0
0x010eefc75fce6c266573960812b987fa22b6c64e,0.0,0.0,0.0
0x010f6b049a5e8e963060b283486795630e5d83e2,0.0,0.0,0.0
0x010f995c1f0784b39865fb0dbeaf98311f3cc52c,0.0,0.0,0.0
0x01102f208a263a1b3844a1bfac5444cbfe7d052f,0.0,0.0,0.0
0x0111dcc6fc2df10b1145fdcfed2bcf1b1c00de91,0.0,0.0,0.0
0x0113e5f85ae18da390377823825946fc45582d1f,0.0,0.0,0.0
0x0114572c98f3756064b4be09cf02f05ef7f867a6,0.0,0.0,0.0
0x0116ed59d76aaaf9ab5ef88807ab33b24df36efd,0.0,0.0,0.0
0x0116fdba1f1dc87f91fcafe2fb365ca829cee686,0.0,0.0,0.0
0x011b042a0573972f547b885c86279291b04c6020,0.0,0.0,0.0
0x011b552b17d1a78af3be9f5b9fa85b6d66fc7dad,0.0,0.0,0.0
0x011c3a587254b7312d78f2c8ba5adc41a1ed1357,0.0,0.0,0.0
0x011e6bf0b2fccc01f137cfe776e1b1121f31fbaa,0.0,0.0,0.0
0x011e835885e78d9f1c92e580dae0e142a33cf25e,0.0,0.0,0.0
0x01212602bb6ef285d7fca99430283ba780fe5950,0.0,0.0,0.0
0x01213e995cd6272ebbb929311b50787296f25600,0.0,0.0,0.0
0x01214a235c6767040c8fef6bd33519a6c7ad79ae,0.0,0.0,0.0
0x01222a114552e89e4c548170f8c1f4d5460d255a,0.0,0.0,0.0
0x0122a648094d10ea18ae72673aea0334fae4d3a5,0.0,0.0,0.0
0x0125c79621229bd96a4fd6c71b7a8d276fd5db97,0.0,0.0,0.0
0x01281a8e31e2ac1bae55a69a7c962f526fa64f00,0.0,0.0,0.0
0x0128883953744d1d302421534757fd6f2d8ba88a,0.0,0.0,0.0
0x012916ed48b20433b698cb32b488e52c639a2a66,0.0,0.0,0.0
0x0129ba41a907ac27f7683d291576f2e74362c421,0.0,0.0,0.0
0x012c597fca480b9766d52e4c1e5d4c0940982abe,0.0,0.0,0.0
0x012ced3e78c1a70e156537e580f6fed3954b2e84,0.0,0.0,0.0
0x012e168acb9fdc90a4ed9fd6ca2834d9bf5b579e,0.0,0.0,0.0
0x012f15e260f6275bc8e62be475adb07549765e70,0.0,0.0,0.0
0x012fefa16a3baad884834385a0988378852d00bc,0.0,0.0,0.0
0x01309200a32bb6b968aaf4ba20367d091fc7adbb,0.0,0.0,0.0
0x0130b68a18a612892374e1eefbb0697a291215f1,0.0,0.0,0.0
0x01319c79cf53aeb6dfa2bf5ddc8a124527016695,0.0,0.0,0.0
0x0132749dd84ea8a0b242ff61f97ff40f96035df3,0.0,0.0,0.0
0x013274aa75bbc3bd7acff906e564edbbb50dce08,0.0,0.0,0.0
0x0133a483873163fc5bc916de39abec8baf85657c,0.0,0.0,0.0
0x0135249c1897454959da69ac1481df6c1d4023a8,0.0,0.0,0.0
0x01361dec98b8d86a584afd90a7c7c3ca0d908539,0.0,0.0,0.0
0x0136f37e3373f91e6fc2d2ac76f0d01701754fcd,0.0,0.0,0.0
0x01393a2f8cf06fb5335bf03acb0a4ffa958b5f46,0.0,0.0,0.0
0x01397d68308d2a94865ffe0f84d26e94b6df1234,0.0,0.0,0.0
0x013a451f558aa0e0ac50b6199ba0e2f6b710369e,0.0,0.0,0.0
0x013b81ad989b9009f4dab4c804c6007882f9a190,0.0,0.0,0.0
0x013bbe7e89333bb26c0959f547adcd77f54ffa80,0.0,0.0,0.0
0x013c270b6c893ed986ff69eef37ca5a1c1e59dff,0.0,0.0,0.0
0x013c8b849edb8efc9a689854b7bc75f2dd1ccfff,0.0,0.0,0.0
0x013da16ead9075d66102ef98c23432a3af815b20,0.0,0.0,0.0
0x013e074822e7776516a0c69dce430ec1fdb26c0d,0.0,0.0,0.0
0x013e0a9ac418ca71de2b3b8ae7b67fbd13f2ab4a,0.0,0.0,0.0
0x0140c762c812c087e5b63d1f36022cf349628d45,0.0,0.0,0.0
0x0140e9513def4729d7f7b6a5356ce6c84d7ae75b,0.0,0.0,0.0
0x0142bfdf3d08eb9cca160c04e9240d7f9631f2b0,0.0,0.0,0.0
0x0143bd780dab8a7302141c3fdb8ebade1fb56f92,0.0,0.0,0.0
0x01445326f7023b6c69eeb0eccbbac6797af3e76c,0.0,0.0,0.0
0x0144c47df1cc4d52ff115f758918dc42a9db48aa,0.0,0.0,0.0
0x014607f2d6477badd9d74bf2c5d6356e29a9b957,0.0,0.0,0.0
0x0146a22337780c55e9d2af2f39139a6174fb828f,0.0,0.0,0.0
0x0146ef29dc977ea95328d9901a3c686e43b70953,0.0,0.0,0.0
0x01485557c2bc6e26c7187ff4cc38d5d9474405d4,0.0,0.0,0.0
0x014930c2d8878759763f3ac2a492ff94073fd80f,0.0,0.0,0.0
0x014bcbc7ab0eaa72688b91fc2063c50a0a38342e,0.0,0.0,0.0
0x014d8a9260da47dcf00113bd34482cceac881a9d,0.0,0.0,0.0
0x0152667429adfd3ecd2dd6c3d3cfc1e669e67309,0.0,0.0,0.0
0x01532c3f785c5218b5595b0e13e3b20b6d501924,0.0,0.0,0.0
0x01552561469172eb5910ac83b35f96c92bac63d0,0.0,0.0,0.0
0x0158f2bc31131a627cb41b44e7ec4c8a7dbe0613,0.0,0.0,0.0
0x015b0bb1bfad0437647e74776a7d649d2e3adebb,0.0,0.0,0.0
0x015befb758090caf23caf09dcdc107426bb1f07b,0.0,0.0,0.0
0x015c78dd45b469a2ae94c93b426d283c2ee42849,0.0,0.0,0.0
0x015fc0f9a30b6353b6ea191d7c4ba6c8aade92d7,0.0,0.0,0.0
0x015fe88d0d4787574aaf5af64726252484365338,0.0,0.0,0.0
0x0160afff7a7a824429a8202995d03239d2d418fa,0.0,0.0,0.0
0x01615d8d53eb9aafcda15853286fdf8259368a68,0.0,0.0,0.0
0x0161cd3a424b77adbc9f73d55dffaa1325ca9e4e,0.0,0.0,0.0
0x0161e9ea4f3aa829dd8721545c9d024ea4500258,0.0,0.0,0.0
0x01623c98f9651095d600f2ecb45dfa1072fc9589,0.0,0.0,0.0
0x01663114bff8c87677c61a4a20e62339cb15e58d,0.0,0.0,0.0
0x0166e394c5d12205464c2c6b3073abb04ebdfd3f,0.0,0.0,0.0
0x0167767e7ffabd6e9fe1f958535bf296622d4b21,0.0,0.0,0.0
0x01680c4acff13811644c8ccb03227bd47d3fc208,0.0,0.0,0.0
0x0168459886bd2aa322c18ed0b209887095afcacb,0.0,0.0,0.0
0x016a42b47b051be2946a35fb72774e00a7b8e820,0.0,0.0,0.0
0x016a5af54b2a9832ce8a594d3fc5af64ebd386f7,0.0,0.0,0.0
0x016a6738cdf51365f2f5e30c82931553e0a93262,0.0,0.0,0.0
0x016d10f16e862eea0be1fdeb1dbba0bbd7f44078,0.0,0.0,0.0
0x016d4da7c7cd614cd50149a373873ff090b9782e,0.0,0.0,0.0
0x016e9e2497544790d71411911b187cbd26b43458,0.0,0.0,0.0
0x01708df7ee281fe5a8bf6a967b4fd8df8623e98b,0.0,0.0,0.0
0x0170a247571e889d011327477b751f2e42c5baa4,0.0,0.0,0.0
0x0170de25446302e7ff2e3093c6b77350dfd2b643,0.0,0.0,0.0
0x017184a0829a54746706654e86eb7a6c5cafbf90,0.0,0.0,0.0
0x0171ed588582d1df472015623dcb426d0a1de431,0.0,0.0,0.0
0x01750c374d9fae78ca0dd39a0f4f0f4fec06181c,0.0,0.0,0.0
0x0175b32dfc64088fe25f8a4d6291caa7ef5b909d,0.0,0.0,0.0
0x0175c38d00a114bd29fbcaf832e7b1a21033644c,0.0,0.0,0.0
0x017715b9a71dabed2ddae0bbbb6b0896509c8212,0.0,0.0,0.0
0x01771a278c3fab69735aaeb38872469489e7716d,0.0,0.0,0.0
0x01784fd2a696eec23f901b9a5d9762d5e8d10af3,0.0,0.0,0.0
0x0178e892ccb5ab71c7b1727fe7e50f317b0494b1,0.0,0.0,0.0
0x0179e2f40016671fe0326ef241d0178ffbbe9e94,0.0,0.0,0.0
0x017af4481e13023209f6c15f6cfdefff3c695534,0.0,0.0,0.0
0x017b3763b8a034f8655d46345e3eb42555e39064,0.0,0.0,0.0
0x017b4cca058ecf79937066adf44ddfa249a620fd,0.0,0.0,0.0
0x017b69d5d9325f15c278a658a619a49bdb4d6665,0.0,0.0,0.0
0x017b93259518cc28f53284ec81f7084575ba8699,0.0,0.0,0.0
0x017c3ce152fd7d144cf74cc87e1d7c7cf15928c1,0.0,0.0,0.0
0x017c4d3aff4d726da43846579fe49c3646abd6a6,0.0,0.0,0.0
0x017c536b11211d47ff4752c141f1e62ea16a4a5d,0.0,0.0,0.0
0x017d08868e2ddbf4d2b28171457c1ce6976fe212,0.0,0.0,0.0
0x017d0b1933cc52fbb03bf16e5e1041f7179eda71,0.0,0.0,0.0
0x017d0c0429922121cf25b4abe519d64b953b9b72,0.0,0.0,0.0
0x017d8a64a8cfc0e15d20bb9aa7a86165b784a4d2,0.0,0.0,0.0
0x017e019d6344b47854635ee87f728831260c87b5,0.0,0.0,0.0
0x017e2a9de4d669a21084a6d2014b38a5e2863643,0.0,0.0,0.0
0x017f1e8b5ef8d86d279ba8ae5120694006a18001,0.0,0.0,0.0
0x017f9dc0e2d0a123bf03a3c7ec27f898b70d8ded,0.0,0.0,0.0
0x017fe812df7bea272511a47955099a9e8d20282e,0.0,0.0,0.0
0x017fe9a4c15da854133d4fd220948ac084f8ae14,0.0,0.0,0.0
0x0180a2047666c6e8a99e6c9a8d001bbc47208df5,0.0,0.0,0.0
0x01812580ff18cdaa3e9b3cdaa81496cd98d3f56f,0.0,0.0,0.0
0x0183a86573f2daf8f5d1f31b9d3c82631345630f,0.0,0.0,0.0
0x0183b5764427bc889109b2d2039690e1d90987f9,0.0,0.0,0.0
0x0184df2afb9845c27504419ac7d5efccae41b951,0.0,0.0,0.0
0x018650dae189c5083dcbec8ae1edcf8b83e08380,0.0,0.0,0.0
0x0186d975cfe19772e58f4d314a52984b31a2cbeb,0.0,0.0,0.0
0x0187cd7fa0f5f10661e12be1538611de29bc6f77,0.0,0.0,0.0
0x0188470b85e116ba8a7a42a71a8d67229f44e7ad,0.0,0.0,0.0
0x0188f96b20d00a3ab9d19b8aa91988b720294ce3,0.0,0.0,0.0
0x01894ddf668719ae49d364e6c77d21cfa3926ac6,0.0,0.0,0.0
0x018ba7d4c044254f4ae94652b09c790baf7db3ca,0.0,0.0,0.0
0x018bde66f5b0a1a992a40d6f75dee3c5a29f25c9,0.0,0.0,0.0
0x018bf5774c55789146bac375e052f826294ecb06,0.0,0.0,0.0
0x018e1ba194311b98a6e92b6b2650ed2dd4a90cf9,0.0,0.0,0.0
0x018e2339fe910022db81f0df861ff792d406cf3d,0.0,0.0,0.0
0x018ed52cf0254857c3d2cd4ad06a673c56eca644,0.0,0.0,0.0
0x019218cb876c7e22a903ca74c0b62ec90344920d,0.0,0.0,0.0
0x019271b315e55cd40d409ef21ede9c3b61646736,0.0,0.0,0.0
0x0193caf8a49dba421bca7d16eebd0e7dff9c559b,0.0,0.0,0.0
0x0194d076503771b976a062c4cde310b13d3e9960,0.0,0.0,0.0
0x0194f6b2cd2061b50169ee2c81cd95f982cc0a05,0.0,0.0,0.0
0x01952760a2f72cfa13b3557b6e015b40126961c0,0.0,0.0,0.0
0x01952b83f4fbb1fdd4bf11087638f0821175f7b4,0.0,0.0,0.0
0x0196745e37b3e8ddb99be16b065bb482768ef3d2,0.0,0.0,0.0
0x019712e01e25a3dee2e11dc8a8de84afb0015401,0.0,0.0,0.0
0x0197295055068f266f8654ef428a91239839c2d5,0.0,0.0,0.0
0x019761d78f2f14ef6a498d245fca15ef5ab121c8,0.0,0.0,0.0
0x0198662302a3d7395714600e885d2ddf87c2f839,0.0,0.0,0.0
0x0199a54ad38f4d55b3819517d3fea232ae33f673,0.0,0.0,0.0
0x019b00a4c8bf5a4a75d7be5a498f2d41e6bf41f2,0.0,0.0,0.0
0x019c429038894a1656ae2e9399769662bb4899d0,0.0,0.0,0.0
0x019c829ea5392cedae3c91027c171420798ff9cf,0.0,0.0,0.0
0x019d10463c5c800b84d6527e112e131109611527,0.0,0.0,0.0
0x019d239a36a4fd4828253e8eccadd1dd2d0dd147,0.0,0.0,0.0
0x019e3d65ade821fded83b438cd1b8626208c48d3,0.0,0.0,0.0
0x019ea1afabcbd84d922043c4261052a583315d2c,0.0,0.0,0.0
0x019ed608dd806b80193942f2a960e7ac8abb2ee3,0.0,0.0,0.0
0x01a0f8f364c2fec07cfcdebd2980da3f950d0410,0.0,0.0,0.0
0x01a10e5ada8f1c1117f185493a0bb4f299f7b8c0,0.0,0.0,0.0
0x01a1c554806b5754fc768fb6037631e3842dab5d,0.0,0.0,0.0
0x01a1c72bf9547d1e6abd8486ae3cad64e781cd7c,0.0,0.0,0.0
0x01a1ef4a64f8c25ac6e4913512dabac382fd2954,0.0,0.0,0.0
0x01a2e7fe230a34bf74e7c850d1244c70ff928024,0.0,0.0,0.0
0x01a3a71580b17d1c567d577a66b28c48e42a43c3,0.0,0.0,0.0
0x01a4615315104084dcaaec9a847e90ce5cfbf8ea,0.0,0.0,0.0
0x01a4f75344f665629c714f6623b784509159d4bc,0.0,0.0,0.0
0x01a580e1370e798c48abda6b2f605035f2127d5c,0.0,0.0,0.0
0x01a71e7b07cbe684439eb0570a93055af7c15b57,0.0,0.0,0.0
0x01a762e99a74132ff61cebd92262fc54463320e5,0.0,0.0,0.0
0x01a97118d81e6ccd319a27dbfad2b601774399d2,0.0,0.0,0.0
0x01aa66f23e42842d771cf46e6293af4ed04c90bd,0.0,0.0,0.0
0x01af1eb57b3489cea12ea3d8ebbae1c3eeb0658e,0.0,0.0,0.0
0x01af4808da010aad7b2c977f51508a1402c8cbbc,0.0,0.0,0.0
0x01af60b03e2b9cbf947568552462f9182b959db0,0.0,0.0,0.0
0x01b06d543b68067f7d78427d651b1190c10e0456,0.0,0.0,0.0
0x01b19a62cba8bbc553b0137257f72371c826c403,0.0,0.0,0.0
0x01b27aeaa3b67577609538155d637b08f0779069,0.0,0.0,0.0
0x01b3b5ae37f70e6540abc2667fec68c19b2e7a1d,0.0,0.0,0.0
0x01b3bd82da83c842d8220c8fef9358abeffd537e,0.0,0.0,0.0
0x01b3f02ff86fca973084faa9e4e24014c1dfcb8f,0.0,0.0,0.0
0x01b44fd30ad33b88d0ebe0e22faa52cfe0f8ae7e,0.0,0.0,0.0
0x01b572c14af90297b04955659cf86aec87dad0b2,0.0,0.0,0.0
0x01b5b2eec95743ff4401a55b06db72bdf6afa0e1,0.0,0.0,0.0
0x01b7baa7baa864fef3cd1c7bc118cc97cedcb33f,0.0,0.0,0.0
0x01b8674543a3480a6a4c44014d226b27db2d65db,0.0,0.0,0.0
0x01b8884b83882069d08c86b053bb1027d04dce96,0.0,0.0,0.0
0x01b89af143b8f2bb80f9ac13d60e7e9e01d85798,0.0,0.0,0.0
0x01b8f7ef9c12841ca94ee6652f0d5e9646a1168f,0.0,0.0,0.0
0x01b92f893b1c302bcf1945fd4edf10df99b4f181,0.0,0.0,0.0
0x01bb8b57808786461b7db3dd5975280f189307a3,0.0,0.0,0.0
0x01bbec9408cf03e8188f44f12636b63e8faba019,0.0,0.0,0.0
0x01bbfe5ce152b22eccde7698a24e86012a5f75e3,0.0,0.0,0.0
0x01be938672471bbb0fa1dfd223dd2aad2e389559,0.0,0.0,0.0
0x01c5c4ca74a665e40e96ed8ff221500b6366b8a6,0.0,0.0,0.0
0x01c5c9f1b50986663d545b474b3acbf9e1b25c51,0.0,0.0,0.0
0x01c60af7f7193370a9447a12c885427cb94f21e6,0.0,0.0,0.0
0x01c717a8e3558ca44d473a5882e938572f1f7d93,0.0,0.0,0.0
0x01c7602892dda14261fdd4ae9c6b590ae65d3256,0.0,0.0,0.0
0x01cb1826cd50f7f15626a1283ae812ad0a273388,0.0,0.0,0.0
0x01ce064bf433bb179791260c080630fe63684eac,0.0,0.0,0.0
0x01cf15d50e91ea8731572a07afbf782233339ad7,0.0,0.0,0.0
0x01cf5fff6ee551a7d3fdbb32c6a8ad9ef31c4829,0.0,0.0,0.0
0x01cf7991cf4d37a762bffa9d74bd9b46d124d371,0.0,0.0,0.0
0x01d17d9fdf660f9c79d9feefa2b9a4b71a32a9b6,0.0,0.0,0.0
0x01d2f11ad6668e28ce07da387d08bedd57f4a85a,0.0,0.0,0.0
0x01d37cdae14bc9e2e10b6a71a0c72998f44e225c,0.0,0.0,0.0
0x01d3c79e4d3b314e43afa00e111dc07e2073e349,0.0,0.0,0.0
0x01d43fcfb3a9e93be5344d1011162d548db936c3,0.0,0.0,0.0
0x01d4de1128e47b400187cd81a5cfae97a6e55bf1,0.0,0.0,0.0
0x01d56c115f9afd657dd4eeb9ece38d6cf73975d6,0.0,0.0,0.0
0x01d616e83175a410b31253ffa1f78ccb3884fddd,0.0,0.0,0.0
0x01d83a95e445a001194ab79a4d7cda5acfcf6dc1,0.0,0.0,0.0
0x01d9816465ee701cb650edf27de69b02fa272454,0.0,0.0,0.0
0x01daab3d40bdda5b8125c4aecbaef6ee2f262efa,0.0,0.0,0.0
0x01dd5d5d0b0bb5bf8dbf7e6d6d8a711578534a58,0.0,0.0,0.0
0x01de22e803cd36ef6a998bff17354ac530311e08,0.0,0.0,0.0
0x01dfc8d38640393a0a4d5f6f3b1f6cec158abf21,0.0,0.0,0.0
0x01e0991d5803659f581a670f955b3079e419be3b,0.0,0.0,0.0
0x01e156b9378aaaf9215cc50f0e6b1ead24fff6b0,0.0,0.0,0.0
0x01e198818a895f01562e0a087595e5b1c7bb8d5c,0.0,0.0,0.0
0x01e21477fc4a6395ca9b6873c014a1c7181158e1,0.0,0.0,0.0
0x01e4ac55758ba9f93d28aeb4f3922b6a7905aaed,0.0,0.0,0.0
0x01e62987e05a45c8c304afa015d4fc3cdfcb944b,0.0,0.0,0.0
0x01e6f806b2d34a64bbd982731f49fe6babbed7b7,0.0,0.0,0.0
0x01e6fd0ae73d9194b19f9b376065577927a0d5f5,0.0,0.0,0.0
0x01e859c314e9ae31bbd455affaa2a54ce3f3019e,0.0,0.0,0.0
0x01e91f9f5612d156f617474a8c231fa3eda78f56,0.0,0.0,0.0
0x01eacf1d1ccf7f656fda1b95beafdb3c7fc396a7,0.0,0.0,0.0
0x01ebce016681d076667bdb823ebe1f76830da6fa,0.0,0.0,0.0
0x01ec73e85387403880b4e3bec129011d705597a5,0.0,0.0,0.0
0x01eccdb2d737b7a41f7aa4ee4358be8304b15588,0.0,0.0,0.0
0x01f0445e1b716a459c6ebe591396fd39a7bcf0ef,0.0,0.0,0.0
0x01f0592d70220b0bc1802d27d90c22ff40dd7161,0.0,0.0,0.0
0x01f0e6c7770fb8b2f5cc4192ac01fed4169939a2,0.0,0.0,0.0
0x01f39cba6f6ca1cbe205655f397db9abc6cb05ef,0.0,0.0,0.0
0x01f3f3f49de0fc38bdf70e8c941d972cdf870a82,0.0,0.0,0.0
0x01f53288c7cc98c053efeef23ba660ef2493f646,0.0,0.0,0.0
0x01f562afdd11c353a9b56028b2a34d2bbbde4b14,0.0,0.0,0.0
0x01f62341f6eb0b03584fca08c165aee0312b1084,0.0,0.0,0.0
0x01f653058536d36bac0b16b90075f1f2acd83f4f,0.0,0.0,0.0
0x01f73f5a9da9f2989d9c3933a4b99d080324a91e,0.0,0.0,0.0
0x01f890b15fc99eccfb75b97c6fa0da97deef966e,0.0,0.0,0.0
0x01f9605611b8490c0c70f40979c61b21dc1b6f3e,0.0,0.0,0.0
0x01fb51f8a664f0f2b7cf8f6eee89f7c1b7e05ba1,0.0,0.0,0.0
0x01ff3a6ae27f59ac1a706568749aac2632520008,0.0,0.0,0.0
0x01ff899667efd1331384da95697dd2e6fc17c188,0.0,0.0,0.0
0x02011525ccae23e3593bfe8ecc18f716c9e67438,0.0,0.0,0.0
0x020245ea7a029bcfc193b0819cbfca6e96675e95,0.0,0.0,0.0
0x020265bc7ecc8b018c496f8bc4c6aa3ed1784e5a,0.0,0.0,0.0
0x0202ef0ff22c58039de970c4460c9ebd2ed6b309,0.0,0.0,0.0
0x020421af918192bb67d35e9ff8caeb692bf4d196,0.0,0.0,0.0
0x020793b7db7551b1d70877579370096b3db0db07,0.0,0.0,0.0
0x0209707c0d22fdf56004f99d141df2e4a93ff21a,0.0,0.0,0.0
0x020989d06ab6d1900d1152ea3fb4a756e3ec096e,0.0,0.0,0.0
0x020aa5bec1a613a41519421058cab6196db88cdb,0.0,0.0,0.0
0x020b1d7007c0d7c42fdb22ed5c31590ccab0c402,0.0,0.0,0.0
0x020be4338b750b85c73e598bf468e505a8eb76ea,0.0,0.0,0.0
0x020d56e549db2ca35fac74118b28f159500701c0,0.0,0.0,0.0
0x020fdc5da72fc36e81a5cbbee9baa451cacc9f8c,0.0,0.0,0.0
0x020fe455d61d20f1f7eab9c3f9540a3ab8a35482,0.0,0.0,0.0
0x0211cc3e0a76e7638b6d2f540b444d313448eb91,0.0,0.0,0.0
0x0214c5c41f5249166aab9a12213ac0e2119d2cc8,0.0,0.0,0.0
0x021690c899ae56dbcf851ba0305659d39b557622,0.0,0.0,0.0
0x021699aaf005dabd166bf803c65fc90529fcff4a,0.0,0.0,0.0
0x0219a224a191ac58ae6ca71dd2edcbdb5c7423a2,0.0,0.0,0.0
0x021a17e276d22dbda6b262c1c67ab256b9b06857,0.0,0.0,0.0
0x021ac46670e1c00e1151bb6dd05b4d1bb10aa4ca,0.0,0.0,0.0
0x021b65231f1b70a5bc05e3f6099339494b72275c,0.0,0.0,0.0
0x021d5abea6efbcd5dba2c8ae9237471448ea0856,0.0,0.0,0.0
0x021d8505c6526352848beab51d87f89ea75446a4,0.0,0.0,0.0
0x021fe7301b7e40ef740ba6bc4957864967aaa2f1,0.0,0.0,0.0
0x022064c9f712b52d7afff7263527eabebf59a71c,0.0,0.0,0.0
0x0220848dbcb1403f3faae97e30dd2adef05cf91d,0.0,0.0,0.0
0x0221049b11fc262500edcef74c4b84e9454b681f,0.0,0.0,0.0
0x022170e70f0332cd8bf0d1578694c5d29eb9d79d,0.0,0.0,0.0
0x02238e3ff83f90c8299663119271d24a105158fa,0.0,0.0,0.0
0x0224b2311d5968fa00a42103788b2f4ccd0651ad,0.0,0.0,0.0
0x0224c4b1947b01be8f3c0629a65a05a59174905a,0.0,0.0,0.0
0x0224c5a4e8bb58fcbe9e537ee8b9ac2f874a6ad9,0.0,0.0,0.0
0x0225949faef9a120994a5501e30a161b418b6371,0.0,0.0,0.0
0x0225c9cc9a6413812b15ad1c706c3c8b90c0459f,0.0,0.0,0.0
0x022706bf59a56d4eaa13c079e233bb39389148c0,0.0,0.0,0.0
0x0228213c43f6c2634a1bdad2fcab7316256cdff6,0.0,0.0,0.0
0x02284b35e4d03658aa5f6e63320c1185ed916258,0.0,0.0,0.0
0x022860885b57964e4daa35e0838a9427a861ef65,0.0,0.0,0.0
0x0228c4032162fc5485f00f2638822c15f32ca561,0.0,0.0,0.0
0x0229a3d4fab214ac8ae4fe6a5bb1b7279592ac9d,0.0,0.0,0.0
0x022a09f4cb866d4d70853c9f8d50ce33f1fa0db7,0.0,0.0,0.0
0x022a109627e1f304eb65977c61b99b0b894868e5,0.0,0.0,0.0
0x022a4e92b9a9b3334d61c6bdfeb6dfe9bf7bcc7d,0.0,0.0,0.0
0x022b36e7d24e441b4d5e8293b94552773fdef176,0.0,0.0,0.0
0x022b3fa410364e1e28054b704b0da3b67aa6dc90,0.0,0.0,0.0
0x022b755d4b5db88a2c32499fa667904fbe24c928,0.0,0.0,0.0
0x022ca32d31da3ef85922aafd9ad29c5b2418172c,0.0,0.0,0.0
0x022ce4715b44ef6f0ead8561b29da676928d16f3,0.0,0.0,0.0
0x022cf8fcf32a0af972cb723d82e0120b43c79af0,0.0,0.0,0.0
0x022d41d3071853f439b0d861a93ff9834b822d36,0.0,0.0,0.0
0x022d9d334a2ff3ccd372fa345c87106e3428b0f4,0.0,0.0,0.0
0x022db3d2cb668693ea15009057076a7f5e973ab7,0.0,0.0,0.0
0x0230b6df83cc33bcf9c7c29ace1ae5078fe36b74,0.0,0.0,0.0
0x0230bc307520081725023ab397785a35a96f233c,0.0,0.0,0.0
0x0230d420819b2654845fb9c570ac53c969b6c386,0.0,0.0,0.0
0x023199a96a6e1ff70f46d6c6f4b3045ffe41d2dd,0.0,0.0,0.0
0x023234656d0c392c955965ed34e5b4862ffd1574,0.0,0.0,0.0
0x02349bc43d584a0f18fef86627d22eb4f362454b,0.0,0.0,0.0
0x023768fbb4dcef5ce609f8d262cebc33860e9c30,0.0,0.0,0.0
0x023876998090f4a06ad08b13fd942e44d3168d2e,0.0,0.0,0.0
0x0238d0aa37457dc99a0e9a41d109b861f0aa0b96,0.0,0.0,0.0
0x023cf85b4b860caa294d518e7e1f50b45361f3db,0.0,0.0,0.0
0x023dae0fc6722a75972b277d5ec54885177ad68b,0.0,0.0,0.0
0x023dc0303836189bf3f921476a51ce6898f180ad,0.0,0.0,0.0
0x023ebb99d4b85e6470c6e45a3f2e70ab446d3e7c,0.0,0.0,0.0
0x023f57cc43fb63b4d6d5a18f8f656d828c40e489,0.0,0.0,0.0
0x0240099b8b2b9a5b408e8de96131e93ed7fed9de,0.0,0.0,0.0
0x024053954b25e537a1eec0473d59e9d5e0b54200,0.0,0.0,0.0
0x0243c7769ed199491b84409f3e70dcc28a94acf5,0.0,0.0,0.0
0x0246b0a279dd8466ecba9b3b0af5f51076763e09,0.0,0.0,0.0
0x0247542b512035f5d1373358e86683a04b1c1769,0.0,0.0,0.0
0x0248d827e45291b75c60cd9c66cf4d5b8ed4223b,0.0,0.0,0.0
0x02491d37984764d39b99e4077649dcd349221a62,0.0,0.0,0.0
0x0249bea8bd7820ce8c8f122dc48ca1a2adda1ca6,0.0,0.0,0.0
0x024b52ddd4a3562768ecd61b1c2cdf35d0613e0a,0.0,0.0,0.0
0x024c33affbf5499b02d97ccc3358dcbc7640d1d0,0.0,0.0,0.0
0x024d37ae44d299b9cef36d348232a66801c3a25a,0.0,0.0,0.0
0x024e14fa72c351f132475f297f64521a7fae286a,0.0,0.0,0.0
0x024e3c5dce2044ccf6b28179b88e9db503ee5c11,0.0,0.0,0.0
0x024fa9444a644ca26705a48486b05d74292412aa,0.0,0.0,0.0
0x024ff3388331e62d6f9503057d211d74650b1998,0.0,0.0,0.0
0x025123f35f34993e0ac581f118271e6170e2aed4,0.0,0.0,0.0
0x025199bf0c349f6cdc3935d708d08646e3960ba3,0.0,0.0,0.0
0x025240adb2807492533b854de7764e85223c43e6,0.0,0.0,0.0
0x025297ca7459dd67dbfd8443d9b5f321e89fad83,0.0,0.0,0.0
0x0252e3524f4d28702b6b3ab7aa7c8eacaa9caf4d,0.0,0.0,0.0
0x02535f81854b731a185a765286f7196c6c2b63a4,0.0,0.0,0.0
0x0255c9d3850caca1152aeb20425c264787661692,0.0,0.0,0.0
0x02561edb032a795fa02e46d1ec922ef0fbca14a5,0.0,0.0,0.0
0x0256b3d533b384fd24bfef8f61491ceea5426b5e,0.0,0.0,0.0
0x0256ba1f18ca0f91a93bdb2f218d91dd20ee428a,0.0,0.0,0.0
0x0256d43f6af4a9c14096c4d188a8d25380cc1e95,0.0,0.0,0.0
0x0257272644deb3c685ec485700b7ff8f375d8879,0.0,0.0,0.0
0x02577874b50993e03070e7c7eefa78eac31cadd5,0.0,0.0,0.0
0x025792a600b4844383a838f9ca9d97394ad23369,0.0,0.0,0.0
0x0257ffe501e6d7670c5510b6d8a558eddea79475,0.0,0.0,0.0
0x0258aa61198204d52dbed666326bed75b3a09126,0.0,0.0,0.0
0x0258fefede90decf71000c32412f33726b27d5c0,0.0,0.0,0.0
0x0259575795db48a8dbc036ca387762c95ceee9b5,0.0,0.0,0.0
0x025acefa3cf20e71f44ccd3b81e2c1924602c48b,0.0,0.0,0.0
0x025b6d0137e847ba5df51e8af8508e4874d2ddbd,0.0,0.0,0.0
0x025bbb8ef2d8ade3ae7b2ed26765be344d94296f,0.0,0.0,0.0
0x02608d35121db289427f6fd4fa53e93b5cae0bdf,0.0,0.0,0.0
0x02615eb2838102011972e092add331d9e723448f,0.0,0.0,0.0
0x0264ac5bc4626a76eb59a761b1075a36c7b2b860,0.0,0.0,0.0
0x0266e5afc61b51f53d3aa70dc6f2438656909d94,0.0,0.0,0.0
0x0267c58c62587e65e816d39570769fb34c9b4ab5,0.0,0.0,0.0
0x0267c774380db18ed0c9ca3e41ed086e53750480,0.0,0.0,0.0
0x02682dcf41d8edbb797dba7a1b8f761b52cc6e0b,0.0,0.0,0.0
0x0268f26c311fee1e2652b78e0f4b186239bb30e3,0.0,0.0,0.0
0x0269ae21dbae267fb041ee16ba8500dd0fde2f2d,0.0,0.0,0.0
0x026a45e4ee23f6777ef668cc21ce816e791926fa,0.0,0.0,0.0
0x026a55d367905cc892280e5ba04d64e9d745b86c,0.0,0.0,0.0
0x026a94e94cc11b082cd663b9d92fd07a6d708887,0.0,0.0,0.0
0x026ad6ecd5124809d5f3b393f6a94ac195ca55b9,0.0,0.0,0.0
0x026c2da77a4584478550de459a6abb848519ffe4,0.0,0.0,0.0
0x026d639c41b00c686ad758543cf569dfcf2e3d4a,0.0,0.0,0.0
0x026de7b3d021dd600438f69e49c0e34495bf0edc,0.0,0.0,0.0
0x026e0a569b23b6afac6520a977fcb83192f370f1,0.0,0.0,0.0
0x027011c0fd7e86ab7fcab831b204fddfb6af2ed7,0.0,0.0,0.0
0x02703abfdc84e7614bdc52f9e65952a8c0ac4a2a,0.0,0.0,0.0
0x02706710a0bd191361d1935d74e812a9c588cd05,0.0,0.0,0.0
0x027342b26e74ff005755d532f4035ec78822621b,0.0,0.0,0.0
0x02736d5c8dcea65539993d143a3de90cebca9c3c,0.0,0.0,0.0
0x02744561ef8292feec44b87d08e8961bb4e29bd8,0.0,0.0,0.0
0x027747771ce20e60d24344e2a62a1377960cced0,0.0,0.0,0.0
0x027937f64f35377f87e8a8318c0370d74b456cc8,0.0,0.0,0.0
0x027af3fec91de9714ad0540be7b03487f332238d,0.0,0.0,0.0
0x027b2fdf7b0793679acde003a5e22e17a4803fed,0.0,0.0,0.0
0x027b6146248b3a7648e7c7e243bd01e1704bc3ca,0.0,0.0,0.0
0x027c04aae42b4143f5718ab191ef5668c268c09b,0.0,0.0,0.0
0x027cb2d88746942364a7f8af881f3b69e9d08662,0.0,0.0,0.0
0x027cedb5d69afdd68ce27cf58dd6d05a72edc4f6,0.0,0.0,0.0
0x027e9fac2d42f779d2232b76e31a3b7cbd955d70,0.0,0.0,0.0
0x027ec37fe00524dbeeae9c6ba96164f84eca09bb,0.0,0.0,0.0
0x027fcbfa8ac860652c516b16a2f02080917489d2,0.0,0.0,0.0
0x02803ab2f41603f75d57ab98871baf84b0c80e90,0.0,0.0,0.0
0x028062ffc2a94ca94e464240142c956d10fa449d,0.0,0.0,0.0
0x0281531ebed0d369e29f29bb4295be46113e422b,0.0,0.0,0.0
0x0281817134298991d74fb31dcb3efa1e936a4c25,0.0,0.0,0.0
0x02820c1f9427f1c82e1901f1e7cadfb150560dac,0.0,0.0,0.0
0x028216b8e4ddc7b4272eea40afbaecca24f30b46,0.0,0.0,0.0
0x0282887135e0d365f4e4875870f86bbdaf1e39c9,0.0,0.0,0.0
0x0283de3def25719ec46cb4db3bb1693f5af5cf6a,0.0,0.0,0.0
0x0284481639f1c8e0cf1e071d644181d7ad876293,0.0,0.0,0.0
0x028560d6943435b7e129c1872b67f36d65ce3b41,0.0,0.0,0.0
0x0285b14e8ccc8c4bcb7cf0bcafaf6965f573343e,0.0,0.0,0.0
0x028641d71b87eb53da604565ed4fca4f7585f663,0.0,0.0,0.0
0x0287445f647c448c92129fbb2ef816f43b0c0bf6,0.0,0.0,0.0
0x028a9d6c53b9388260474435e6781c8237adf1fe,0.0,0.0,0.0
0x028baf20c23e74a7cce3b3120bb95ab8d1e35278,0.0,0.0,0.0
0x028c68b65e6c87ede62b33c62824cd65c80e2b2d,0.0,0.0,0.0
0x028d10812993bf789c9c8789316f03e1985f07f2,0.0,0.0,0.0
0x028db8e94e0836bdaeba5b743e0d400a3f9e90df,0.0,0.0,0.0
0x028e086f46912e677b909e30500c535aa10766b9,0.0,0.0,0.0
0x028e7eefc575b3113dc5aca8ff3177e330e0219d,0.0,0.0,0.0
0x028edad1e233e1d094925ee54d71368bce668f36,0.0,0.0,0.0
0x028f328c1e4ca62717b830db377ee1582bc1ece2,0.0,0.0,0.0
0x028ff776949531aada1fe98372b0f596cf170563,0.0,0.0,0.0
0x029083b69bbba772dafec650c4e23f6490d93125,0.0,0.0,0.0
0x02924ba1974a33fe4563a1f2b762847a2233d496,0.0,0.0,0.0
0x0292c117e0fc26212b22c5843b9755e7b676c6c0,0.0,0.0,0.0
0x0293fafe77e87627af48a55ec2129f769a9cb270,0.0,0.0,0.0
0x02946828dba18fcb7cd09e9ebf891ceaa1bd7aa6,0.0,0.0,0.0
0x02948cbed87c7ac0beb2488396a3886b9f656634,0.0,0.0,0.0
0x029571abceddd08d74c97010eba66f0a7d13c087,0.0,0.0,0.0
0x0295cb6cd98aa3f2a8ae832a1b9c6f2b8a7160df,0.0,0.0,0.0
0x02961914072c1aaa8e0a3c8477874b311079b800,0.0,0.0,0.0
0x02996c1eaf1ea3de391ed7c748ca6c0762cd5f04,0.0,0.0,0.0
0x0299cb22804ccda6eb64b5c891de04d9f526cccb,0.0,0.0,0.0
0x029b56845268708b6b05a90f761ebfe15151c738,0.0,0.0,0.0
0x029bcb2e9d1e503e747dea7d0a55ebc055f9b03b,0.0,0.0,0.0
0x029ce20ee686f00a1200b116086f90a682e30092,0.0,0.0,0.0
0x029d4f3c7a8f23ad7316731f271d4e194538d88e,0.0,0.0,0.0
0x029d81af39e6969033906aa51ba0a2e5f055fd43,0.0,0.0,0.0
0x029de7a8c9511978c4795beccf60553d36318cfd,0.0,0.0,0.0
0x029f19fc5a2425a4f04c3e1f6855af0afbcc3c93,0.0,0.0,0.0
0x02a0f1a59940dddb35a38327e93d7abb49e285b1,0.0,0.0,0.0
0x02a16e93539e8043766befc1d941835ef18a77d9,0.0,0.0,0.0
0x02a16f8df2b11b3a0c9f47cc5d705830792e3e6f,0.0,0.0,0.0
0x02a298c6b33b6505e15faacf4f52ffcf1c43d4b7,0.0,0.0,0.0
0x02a5c129419ffe445e6c07357715994a513741f6,0.0,0.0,0.0
0x02a5f4b01a1e60c1c1e96b7e5ccff7b083af88b1,0.0,0.0,0.0
0x02a73cd5c9135b68798838407a136b41ddea3c5e,0.0,0.0,0.0
0x02a7c650e9a1a2d66deab637c07e1d627587c083,0.0,0.0,0.0
0x02a7d80d21a3ab1719dd16ab66d716e588d79595,0.0,0.0,0.0
0x02a8f422e4623cf409b2a1a64a603b16357ea9da,0.0,0.0,0.0
0x02a904869e43d0be61a71f2e6e7af45f9dd27988,0.0,0.0,0.0
0x02aa6d3779d28383d69cd4221cd7dc2685011337,0.0,0.0,0.0
0x02ac4c9dca975e634793849092d2d5eac8d088c2,0.0,0.0,0.0
0x02ad56758fef56099cf57531d0c97bb1aa1f076e,0.0,0.0,0.0
0x02aee0ce756fa0157294ff3ff48c1dd02adccf04,0.0,0.0,0.0
0x02aef62867532fbddf4521b3889a5af09b5333d8,0.0,0.0,0.0
0x02af6f4620c185ba1aab781282a67f21106a2d61,0.0,0.0,0.0
0x02af867ab593ffb436e9102eec9b1ca5a693620a,0.0,0.0,0.0
0x02afca5527ecb2ffe3ed6ee9ae776c7d5da88923,0.0,0.0,0.0
0x02b05a37642df584a9586ffd1008b1898f470835,0.0,0.0,0.0
0x02b0f2fdd791d194a5d941579a696894d67c38b2,0.0,0.0,0.0
0x02b13fd8e0557ca41834df8fc2922eeadf4af6a7,0.0,0.0,0.0
0x02b265d2ce756e835b1bff29e9a07e77d02488f3,0.0,0.0,0.0
0x02b2b3835e863da7c7aec928586cee0b04a261da,0.0,0.0,0.0
0x02b3f9bfdf978bbe7434467761a706d44311a065,0.0,0.0,0.0
0x02b40f2f6b29db95866775e732352f6686885fa3,0.0,0.0,0.0
0x02b42cadcb1d54d586d7b19c4b40ccb858d61640,0.0,0.0,0.0
0x02b4d35435f702921a56b5c993c999b6b8eab1df,0.0,0.0,0.0
0x02b537c80038f273820b51deda8d904b8f2748ef,0.0,0.0,0.0
0x02b56b480fd9350fc83dbe2918a76c60232b4001,0.0,0.0,0.0
0x02b664da23a3b5480f710785fd5926ee1d055788,0.0,0.0,0.0
0x02b72485ecdaabd5f9af68d9a5d2b2ca54d5339b,0.0,0.0,0.0
0x02b936ff5f54ef91b7e9e6fcd8aaed1160ee01c2,0.0,0.0,0.0
0x02b9dee806bc6e1093e348336d35b0866908712b,0.0,0.0,0.0
0x02bcb5d5a59ec3350ec2bed6c7ffcd5d566d9574,0.0,0.0,0.0
0x02bd126623a52f35c2df74208e73c5c7ded740d3,0.0,0.0,0.0
0x02bd653274feaa6e43618310400c5d1337758d1d,0.0,0.0,0.0
0x02be55b9045cfa9195e851c35896b33da3693764,0.0,0.0,0.0
0x02bee0a17903cc1f2f48b4514ec23aae547fe4a3,0.0,0.0,0.0
0x02bf4268c84ce1306d1e2af3c2f54d2b3214658e,0.0,0.0,0.0
0x02c140cd842739c324846893adb64de09026b3f2,0.0,0.0,0.0
0x02c36a54388cddeaaeeb79f351b7e00b882c41d8,0.0,0.0,0.0
0x02c3b69b7588c4d117ea0eb4d7ba809f9613f470,0.0,0.0,0.0
0x02c3df430a4125a05feeb5fee31c0ee911f952e1,0.0,0.0,0.0
0x02c58ac2ac1029aaf986a9be4adb656c813005a0,0.0,0.0,0.0
0x02ca089c541a1e8d8cec24e066d7ffe2085cc528,0.0,0.0,0.0
0x02ca884e10a36b822c996a3339bdd21417a4d092,0.0,0.0,0.0
0x02cb44df23e2a5840eef59dbed570aad6401d3fa,0.0,0.0,0.0
0x02cb8ddf0e9fd20bedcdf13d765996870928864f,0.0,0.0,0.0
0x02ccbf14d05af1bba1c85c0e4ebe34450b4bc3a1,0.0,0.0,0.0
0x02cee1b0ef2c8a7d31025b35b0cc271f59815035,0.0,0.0,0.0
0x02d1470908285f35efeb65b00162134ec721118d,0.0,0.0,0.0
0x02d14eafbf2724a0bc5e7c6fb21a799c7e1eb2b5,0.0,0.0,0.0
0x02d27262a78932e692eb9330646987559670bbda,0.0,0.0,0.0
0x02d5333d35b155ec5876f3a355b845ce37d2fd04,0.0,0.0,0.0
0x02d77fc7307cd7ec962eda62d25936156a7a6492,0.0,0.0,0.0
0x02d7da92ffbe43fc603bb8b5c5ccc032dc616d51,0.0,0.0,0.0
0x02d86f9846faff28378cbfb438e2f9a87b5e7682,0.0,0.0,0.0
0x02d9468f3794ad392949d3ef68750580046d7b79,0.0,0.0,0.0
0x02d9cd8f4b86421bfef64deaac6afe246eefaa0b,0.0,0.0,0.0
0x02debfb86afb43492c458869bd7904a897f08237,0.0,0.0,0.0
0x02e07cc7e01b1ca69c0a6de55bfd9b99a8f0af3a,0.0,0.0,0.0
0x02e14b3e880efd1cb8a504540d31d91ca311280c,0.0,0.0,0.0
0x02e2e0296a3caee924b900b69f7b3ebd16729ecc,0.0,0.0,0.0
0x02e35b8e24f99002f568f5916de89874197f7a06,0.0,0.0,0.0
0x02e4ac7c366cf7320bc78b816b162b26d605a4bd,0.0,0.0,0.0
0x02e51d6ce16201a28eaa7de9c8c4bfed25b4b081,0.0,0.0,0.0
0x02e60b50d9788a17055afec468b5d17a38b6bd9d,0.0,0.0,0.0
0x02e6277d21ba364845200b883a7a230f173122a8,0.0,0.0,0.0
0x02e7f65e93b4730c3092412e3db85648797316f9,0.0,0.0,0.0
0x02eb1a315972d427f890b81fe062aa7aae9bc6bb,0.0,0.0,0.0
0x02eb1d753bea18fd83562467a321dcd88d9773f1,0.0,0.0,0.0
0x02eb2ee0867dc3dfaa3862d0cc86984b6aada907,0.0,0.0,0.0
0x02ebc38f9ddaebc16f4a2f4e9c90cee0b9eac910,0.0,0.0,0.0
0x02ebdd4d10b91e3018c0706a39a02c5fe1c893ef,0.0,0.0,0.0
0x02eca8cc78b7d30c1ac5e16988ed2c8a9da658d6,0.0,0.0,0.0
0x02eda208efc7d92efeaf7418833c3081a42dd3a1,0.0,0.0,0.0
0x02f0e7c42da6ae4eea04c1df5f83f8178d33cc0b,0.0,0.0,0.0
0x02f11fe7a88805f3afbe76f28d0ee7b090d4e99b,0.0,0.0,0.0
0x02f17bf76592833beb2418f8246d433f7e4d6fed,0.0,0.0,0.0
0x02f21b7c148d5fc587a285d2f538f29c36176e52,0.0,0.0,0.0
0x02f4f3130d02314a16dc81e040a2aa32c8a2b16a,0.0,0.0,0.0
0x02f60da35d5759299b1c4e3b22c7152b318f5664,0.0,0.0,0.0
0x02f70f05c3a430d0da5e1a5bf45e8dddfaf8b0a8,0.0,0.0,0.0
0x02f7467aecaae0863706f954c7adfe47b5e5f538,0.0,0.0,0.0
0x02fa9380115eeefccd18f91ff806d3d8e3725b32,0.0,0.0,0.0
0x02faf4316dcb9330751f3677436aa849aa93851b,0.0,0.0,0.0
0x02fafec4c577431e5229f01df088cb699a7cc691,0.0,0.0,0.0
0x02fc557009ff92edbac5bc4c94a989b24008a21f,0.0,0.0,0.0
0x02fc75ad4ae6105dc1feec29f49e56347a859c65,0.0,0.0,0.0
0x02ffad0f8125e76bf4467d78139f1eb0b60f2b8c,0.0,0.0,0.0
0x02ffb9b4bbc29f9a59b20c541d369c5add62a5a3,0.0,0.0,0.0
0x0300f68f3c30e4655650d99c845a95e39875b75f,0.0,0.0,0.0
0x0302e30a5a3a471f99fde37bfa52d3be463461d9,0.0,0.0,0.0
0x0302f495deee51627014e73e3b5f937fbdfb2680,0.0,0.0,0.0
0x030347c0ef50f625e3172ddeabb921067e85730c,0.0,0.0,0.0
0x03038ac3f9bc2f1ba227a7e3b42fbd1f376efcf9,0.0,0.0,0.0
0x03051aba8bbf9fc5d38ac4554bfae1e84b9dd8ca,0.0,0.0,0.0
0x0305cf6d8af11679eee6aa68c528ed25f837aa4f,0.0,0.0,0.0
0x030745377d953913b2af2a64d961287ff800f7e0,0.0,0.0,0.0
0x030888e8fe9f0cbe3ff04c0fda1c0954c6b68822,0.0,0.0,0.0
0x0309146e7b8baefa23f193632ef74602768af954,0.0,0.0,0.0
0x030adc0b63a946d3c161f49c8f4d25a526b903b7,0.0,0.0,0.0
0x030d9f55c7f7589034b829a87bf3bd84d6682a18,0.0,0.0,0.0
0x030de3de170036c537b1f7bf6f983220464abe1c,0.0,0.0,0.0
0x030e691d39e2dda9ffb32de5f49fdbf9f590ef00,0.0,0.0,0.0
0x031291aa04a24e90fa704ae1a51598944c55de4a,0.0,0.0,0.0
0x0312fa145990146d456380d66ea495a7d014fc86,0.0,0.0,0.0
0x03148e5d55d5a2382c644e78910d13cdb7218235,0.0,0.0,0.0
0x0314d69c14328bed45a45f96a75400f733164e13,0.0,0.0,0.0
0x03158305104b385e1a566fa7153dfb13da15f410,0.0,0.0,0.0
0x03161e579198971cff2dd1769da7758e34b6976c,0.0,0.0,0.0
0x03169fa2a2113de2c90b4823cf8eb7541061d6f0,0.0,0.0,0.0
0x0317ecb39406e23837b8b1aad06bc43f10c1be08,0.0,0.0,0.0
0x03188444e0ec5e63d99350baedd479ebcab82f63,0.0,0.0,0.0
0x0318b7bf3433dc91fdd0c749b88855f076efd5d5,0.0,0.0,0.0
0x0318ccfbfae5e2c06b2f533a35acecea13b9909f,0.0,0.0,0.0
0x0318dcf3b0bba28d13e67d6ce8f32eadad011512,0.0,0.0,0.0
0x031bc036ec5106ea4f2ca5921d5370a21171a123,0.0,0.0,0.0
0x031c7807637ecec27d158bd4156c954e682a2f54,0.0,0.0,0.0
0x031d132adc8141130bd55be6583edded884497f4,0.0,0.0,0.0
0x031d2da6a39dfe83c314df7c2e7a74bfad01773b,0.0,0.0,0.0
0x031f584479760bf6a0e6e3246cceadb6e4d66bc0,0.0,0.0,0.0
0x03205689ad8d8e3838e244f925cf888275ac01c6,0.0,0.0,0.0
0x0323965dc531ecc76511a24dafca4a502533917b,0.0,0.0,0.0
0x03247269bad6aa35ef79ff7f674d714c64d26611,0.0,0.0,0.0
0x03251ae9065a02d50230e02b137265157e101c20,0.0,0.0,0.0
0x03270912905f63b1b2b99b9a520a86810aa07f89,0.0,0.0,0.0
0x0327344015c02e55ce6f13f90cc132da5d98cd52,0.0,0.0,0.0
0x0327d880665d0a65bc578a82e9d83f21b993756c,0.0,0.0,0.0
0x03289bb5b77a418cfbadec78a7c206b1eb6444c5,0.0,0.0,0.0
0x032bb3d64f289e35ec8642c9bf2bdad7d73529d0,0.0,0.0,0.0
0x032c4db5f7434fb9e0ea85ccbbff1fa2d7c9d8aa,0.0,0.0,0.0
0x032c56e52d2cd8be4256cba3c631931d1e3b07cb,0.0,0.0,0.0
0x032f074dddcb996b0da95402800653a1c1c5bf37,0.0,0.0,0.0
0x032f904c1f675add398dcb3733acf36b84b79c95,0.0,0.0,0.0
0x03310baf844bfe66aadd339c73f9229f35aa4c6d,0.0,0.0,0.0
0x033185ecc07fe116859d5fc721802d724b85c4e7,0.0,0.0,0.0
0x0332be92c16b30591296507a665a164c4966b425,0.0,0.0,0.0
0x0332d875f3fc0475474548dcf29f23591cb14d29,0.0,0.0,0.0
0x0333a10f65956afcbd633c517c2a6dd3ced00a40,0.0,0.0,0.0
0x0333fbf46d16ea6d26c6a09503cc3c0c1e7c95c8,0.0,0.0,0.0
0x0334eca378b5c3ca56c8cbef990eec2e3a30a7cf,0.0,0.0,0.0
0x0335a3481a074ead996574587714af349a114013,0.0,0.0,0.0
0x0335f428955506d0c06d18b8fa5a8aabf7462e59,0.0,0.0,0.0
0x03365fa521cc5ece8b1f7ed1fb00bd4637b01781,0.0,0.0,0.0
0x03369f6db2e2e77a2ef92b6295d6989cd68b8491,0.0,0.0,0.0
0x0337cbd1a09ae0c4e7f802c0ce2cffe880ef49ba,0.0,0.0,0.0
0x0337dcbc6f5f2c2ca665fdd487f7d8f23c305b08,0.0,0.0,0.0
0x0338413ee756d4e561f073b1767e6bf5e18393e9,0.0,0.0,0.0
0x03387d5015f88aea995e790f18ef7ff9dfa0943c,0.0,0.0,0.0
0x0338e55ea1a26c84ffd70d7c79d8094ac36b6148,0.0,0.0,0.0
0x033a0f17fb49d292785f02b959227cf5cf50f21a,0.0,0.0,0.0
0x033a10f0fa3a846f441f7d7469a2352f910443ad,0.0,0.0,0.0
0x033cd435e2bdf5227787d54d46c9231cf529acd6,0.0,0.0,0.0
0x033dc008e1ab5d7004e8fabfd834f841a89c7e10,0.0,0.0,0.0
0x033df985bd88c096ceb0bae2545d35f18eecdfb4,0.0,0.0,0.0
0x033e036bda697d7a7615dcd04cf7f1883904fc6c,0.0,0.0,0.0
0x033ea4c2e32eab510cb29d8c492dd4c1171cea50,0.0,0.0,0.0
0x033ffcf5d843a16da224f62b5cb1c4980310f796,0.0,0.0,0.0
0x03402343d6192caec409b0570cf59905969adc2a,0.0,0.0,0.0
0x0340af84322e83ae445c375c10a6ac90989b85f6,0.0,0.0,0.0
0x0340c0b1ef5d48083ac0afb00322b38b21f0d8db,0.0,0.0,0.0
0x03413203ef38895fb2661a62046949893ae9fd6b,0.0,0.0,0.0
0x0341ab2d783648be716fa78a48eedf13f151335e,0.0,0.0,0.0
0x0344e6dc73a4128d7a889509a13c3dd25b4b688a,0.0,0.0,0.0
0x03478c0564936f7a51138d28d1cdce99855c2b7f,0.0,0.0,0.0
0x03482e6aaf23d9367aea1e306ffba42bc7fbe9fd,0.0,0.0,0.0
0x03485453f0b0511dd6bd4173ad05093b1e0313de,0.0,0.0,0.0
0x034961ef5fd3f25dbb91440ad3ce0a119e875847,0.0,0.0,0.0
0x034a4081df0c5a039d05113a7d0b334083a7b084,0.0,0.0,0.0
0x034aff341d97429136304f3021e8f27975de3da0,0.0,0.0,0.0
0x034b054426cd05f70ea0d98d35083ac73322b939,0.0,0.0,0.0
0x034b2fd624f4895fc932ed31ed63d8be06b82c08,0.0,0.0,0.0
0x034c69160676cd0f0ee35719a93343ea066e31a4,0.0,0.0,0.0
0x034f4243c5e44976913d3e607089d75bc976dde2,0.0,0.0,0.0
0x034f5434e14148a554c38f72118239d3b4078888,0.0,0.0,0.0
0x0350520a1e54dd49848db2ee24540713f2620c55,0.0,0.0,0.0
0x0351b0b81fdd1db5dad0617d97c598cd3c37baaf,0.0,0.0,0.0
0x0351c5599f6d7a0306c02e5c5b3b76f789b395a0,0.0,0.0,0.0
0x0351c94cae69947448969ca8b6fef20dfe14203b,0.0,0.0,0.0
0x03526fc1075e3c4f3dceac665a7141606eb11ae9,0.0,0.0,0.0
0x0354a4de7462a6987cb9390d5bd065c9b98d34cf,0.0,0.0,0.0
0x035648071a7ebb842fc55a01e44ce01ab8b844ed,0.0,0.0,0.0
0x0356ece0b66df94ba8448075d0aa26453dd406cc,0.0,0.0,0.0
0x03572f17c8e8ac3d5e5f767bff74dca89f310225,0.0,0.0,0.0
0x0357c980e66e6ef343a35715138b7670b0ae74c5,0.0,0.0,0.0
0x0357ee511a77d1981d2d79e076f9608be771c85b,0.0,0.0,0.0
0x0358c2ab1c477f338776d96c01a0a53f9dba4d0f,0.0,0.0,0.0
0x035a38a537384f981b611cc598f9f36cdc3542dc,0.0,0.0,0.0
0x035abc4c74e4a03de41fc5cce6c13e10e6d569dc,0.0,0.0,0.0
0x035b27ed461b13990c0b9ed0e01c08d0d44cd033,0.0,0.0,0.0
0x035b32173c6beca69608dc1b5740bfec727c5d82,0.0,0.0,0.0
0x035bc96201666333294c5a04395bb3618a2b6a11,0.0,0.0,0.0
0x035d5e9aef9c24c42764a90b1ef6207d22fda0e7,0.0,0.0,0.0
0x035daa8f8ad585b1059d5fe5476e2bf4237218de,0.0,0.0,0.0
0x035e72ef297547349d8ce3573ebb8e10dc639816,0.0,0.0,0.0
0x035f4a089e99bb14fa010a6ce80e9640e1dd01fc,0.0,0.0,0.0
0x035fc3b0ec2487c1c9def561f578ec77a06b1b12,0.0,0.0,0.0
0x03604e6625fec18f298ecf393cfd70b2d8bfc0bf,0.0,0.0,0.0
0x03607361b844e659f4e8846af200074e219513e2,0.0,0.0,0.0
0x036161ee78969e00d3ea480f2139357fd77247ac,0.0,0.0,0.0
0x03630da783ae465b0afb812f7bc6374d677b0829,0.0,0.0,0.0
0x0363839d89014a84d63a029b6c5d540344453b64,0.0,0.0,0.0
0x0365ad837b20583a235b652cfce03987561c9948,0.0,0.0,0.0
0x0366521285f902c5b10a6f1ace37a70d68e0e0bf,0.0,0.0,0.0
0x036808e8efef543ac49c40a2b6d98f8f36798a91,0.0,0.0,0.0
0x0369a18568f22c77ec0780cb9b79402e64fe8b89,0.0,0.0,0.0
0x036a310b351f1d24dc5891a9f7ddc1e42ced51fd,0.0,0.0,0.0
0x036ac8829034821015a1181efb8f8e4357af3df6,0.0,0.0,0.0
0x036da3aa7d31181bf0fb4f0bc128b04a7bdcc08d,0.0,0.0,0.0
0x036dbbd11bf2958377e459cb75fec9bb9944785a,0.0,0.0,0.0
0x036fcf32222c17667b562b427acb2bcd737a0db9,0.0,0.0,0.0
0x0371229099726879e47c045aca027e0a27d3c5d1,0.0,0.0,0.0
0x0371aa0fd3c1791c05b6d73896a7d2e84e4ee646,0.0,0.0,0.0
0x03725af1b7357c622c2a91a28df41d8217941180,0.0,0.0,0.0
0x03733ca219c6418adba6f120daca918eb3f67738,0.0,0.0,0.0
0x037343879ca2c1d0078038549ee042046f32243f,0.0,0.0,0.0
0x03740d9e1c042fc41e995e59da9ca953d3d68fd9,0.0,0.0,0.0
0x03761263846e6a598e667e6a573ed86fabff8953,0.0,0.0,0.0
0x037949068f0cff6d57d7253398e60577ccd86dd3,0.0,0.0,0.0
0x03796fa1bf321bf02cb48969723afe7e0cdb5e55,0.0,0.0,0.0
0x037a28da412268621439c31fd0d54dbb511d47b4,0.0,0.0,0.0
0x037a43f01b3c2a2acd60510c1b893e94cb64333d,0.0,0.0,0.0
0x037bef2da33513cfb998e36894d073773d3285f8,0.0,0.0,0.0
0x037bf6a1e7b137f824f46313317e033ffeceb613,0.0,0.0,0.0
0x037cdd64f9b2e00fc6b7a1aa3e6152aff8718540,0.0,0.0,0.0
0x037d9c5bcc88932c6dfdde923043f1fa065a1c69,0.0,0.0,0.0
0x037e2fd9f7f79e38cd027e6ad4212d2d697eae60,0.0,0.0,0.0
0x037e908997841df68afb48eb1c9a6e441310abf5,0.0,0.0,0.0
0x03807e5ca6505683c96cc30bc71c018b4b0f3f38,0.0,0.0,0.0
0x03827daa642b7e409e4d08fb34836c22d0a3556b,0.0,0.0,0.0
0x03842b4c71c18188191cad1cb9a8dab32d2eab7e,0.0,0.0,0.0
0x03846bf20ade32e9b95d925fe47bd2279c5a88b7,0.0,0.0,0.0
0x0384f296396564cdd310bb398e1dc8a98fb3b137,0.0,0.0,0.0
0x03851f30cc29d86ee87a492f037b16642838a357,0.0,0.0,0.0
0x03867a6c590972095f2c82dedede42a62f46952a,0.0,0.0,0.0
0x03886228bb749eeba43426d2d6b70eba472f4876,0.0,0.0,0.0
0x0388efdfbd5f519f6c63319b5710d5231dd64868,0.0,0.0,0.0
0x03894d4ac41dd6c4c2f524ed4417c90fa46972c6,0.0,0.0,0.0
0x038a122489ebd2bf9968e02d1203258b49e4832e,0.0,0.0,0.0
0x038b15767ebe38fc2002b8c597ec9054021dcf7c,0.0,0.0,0.0
0x038c266d54f2a143b8604343bcaf28caba4e8939,0.0,0.0,0.0
0x038ca2dcaf884d02dd1deae89bf23a7831fb1179,0.0,0.0,0.0
0x038db6c62d0f072616e2b8db7d3d7cfc829f7f65,0.0,0.0,0.0
0x038e8cdb75c6677cfed6854e8b315066f9a909f0,0.0,0.0,0.0
0x038f1867a56cad72bce4c0a462a3fd4e4a4b3dd1,0.0,0.0,0.0
0x0390969e6ddcc17e2ca8813d9f38e276b76c5113,0.0,0.0,0.0
0x03917b0fc420092b18dcb24e719f44600211eb45,0.0,0.0,0.0
0x03922322741e50ee5a589aedc9fc7ed74a3e1e32,0.0,0.0,0.0
0x0392c0d81934b52f64aa50c2cfbbcf28cd6141b2,0.0,0.0,0.0
0x0392ea959f551f01d432e1fa26110ef69d55e4c1,0.0,0.0,0.0
0x03951f5c12a3b8c7fa09e115024d376077b17720,0.0,0.0,0.0
0x03972ff1fbbc42f532dbfc16e0bfbeec5cb9007d,0.0,0.0,0.0
0x0398b107763c8e7fae5183241d383440ea3623da,0.0,0.0,0.0
0x039a33aca90ecfc1b97f88de30264ebd84cc7c22,0.0,0.0,0.0
0x039b0cac8f2257a805ae79431fc6daf67bd235fa,0.0,0.0,0.0
0x039b27c7e5771ee0108c87b4162999bea4dd1831,0.0,0.0,0.0
0x039c7320956110b7e9e350d382a354d6ace8d2c0,0.0,0.0,0.0
0x039e2604295ba89a83588107391aed3cce36b97f,0.0,0.0,0.0
0x039e8cb6cf84518696939ea80ff8e021b871fde9,0.0,0.0,0.0
0x039ec0b36450e9b2c5f59a3a6fe991469ac744f2,0.0,0.0,0.0
0x039eda3933ce405c2ff54a93a7afa07c08030164,0.0,0.0,0.0
0x039f620be875aa9c3d70fe9cf27a7c9192a8001c,0.0,0.0,0.0
0x03a151746661bea0942281ec949de76eb6b4f6f2,0.0,0.0,0.0
0x03a27a0bd8c8451480e04535690cf131423836e3,0.0,0.0,0.0
0x03a3d0eb17509dc9fb2a892ac1eab68419deb19b,0.0,0.0,0.0
0x03a493d043b71da48fd882161dae488abe112432,0.0,0.0,0.0
0x03a5bdbd5a37ee782e9203811d227342c3fcfb73,0.0,0.0,0.0
0x03a673e4a53120a0f6f57e49b202f38553917136,0.0,0.0,0.0
0x03aaab0b6729ec7ff3d23d34ae2249c4f0e7c9eb,0.0,0.0,0.0
0x03aad34b8d729c000e980d676b5012ce024e6ba4,0.0,0.0,0.0
0x03ab5739cf27680d40bdfa8778a63a9239badc40,0.0,0.0,0.0
0x03abec9490d905b2e93c469e7f7409b085bfff8a,0.0,0.0,0.0
0x03ae6e3226c9fe470b638eaa1301965c613b8b6b,0.0,0.0,0.0
0x03aece912e043486c58feb7ee838bc643800a066,0.0,0.0,0.0
0x03af198dc04505a7210ae1e87d6d1d930f7a748b,0.0,0.0,0.0
0x03af63559532b015e76b2e70f6940304be09784f,0.0,0.0,0.0
0x03afb65a1a79e2009632369e39662d985335c00e,0.0,0.0,0.0
0x03afea88bde96d8970727d0ebfd30f6ba1e8cdb4,0.0,0.0,0.0
0x03b16ab6e23bdbeeab719d8e4c49d63674876253,0.0,0.0,0.0
0x03b22fab64e1cc7c11bc828c5f093bd7d70c4348,0.0,0.0,0.0
0x03b308b0091c8d1fec5406cff741352a2e66ae28,0.0,0.0,0.0
0x03b5a8ea2afbc9930f089836fdcd4863b4dd2b92,0.0,0.0,0.0
0x03b71fecdeb2185c5fdf464a836334291f552fbb,0.0,0.0,0.0
0x03b79d2f2b47661e29b11605b55e34e7ac5f011d,0.0,0.0,0.0
0x03b90ee77fc31114c5b5cbd363059db6066cca7d,0.0,0.0,0.0
0x03baaf9745e06fa191a150be5688501cd210a274,0.0,0.0,0.0
0x03bba88fca87ddd3ddcc4ee0efec1e046dd41a98,0.0,0.0,0.0
0x03bc4c7bb35b0d8209c157b761da5beeb576cf2a,0.0,0.0,0.0
0x03bcc3e7b883f353380babdb76bd914630954a09,0.0,0.0,0.0
0x03bd0c6e69bfd5edc3739a7003a9d28c58e57f80,0.0,0.0,0.0
0x03bd66e09647f5fc607fd45059bee1c42f8bf9e8,0.0,0.0,0.0
0x03bf7fd823908e56c8785e4c7ebfc46fc6a6e41b,0.0,0.0,0.0
0x03c04b194242507de3d845887c6c36bdcf3121df,0.0,0.0,0.0
0x03c1f86a157ef2f7baaa6fa37351833d7833c4e9,0.0,0.0,0.0
0x03c2bfd2509de9b13d0124015077e100a292336d,0.0,0.0,0.0
0x03c383f45deeb131f370304336603fda77eb9620,0.0,0.0,0.0
0x03c48ba8fcd46b9b4419cd57063978769efb8de8,0.0,0.0,0.0
0x03c559e75e6f0340dd23559fb19758584a3774a0,0.0,0.0,0.0
0x03c5c835b457a754d82a5aa92f684743edc9b4df,0.0,0.0,0.0
0x03c65122e67c382ac316312ec5ffc1efdd1df219,0.0,0.0,0.0
0x03c860ca0b89eb6669102657b218372e4fc0e460,0.0,0.0,0.0
0x03ce47abe931e23bf221eb5453c1e03a4f60d949,0.0,0.0,0.0
0x03d11a35efea67f3b98dcb9d3ddad6b15cdb43f6,0.0,0.0,0.0
0x03d225884a6f01eb076ebb6a1081e1bfced8cb7d,0.0,0.0,0.0
0x03d59b1566576e7b64e7c43fcc3fff5ecd4c1b43,0.0,0.0,0.0
0x03d813abfba88e76407d09ef92e05f164ac1a985,0.0,0.0,0.0
0x03d84a077028f62e185c07ef4e881ec785e33d3f,0.0,0.0,0.0
0x03da374dfb5653720cb928feb440bf8503c12944,0.0,0.0,0.0
0x03dda9a1e37e1be2585dfa97167ffe9e8078c836,0.0,0.0,0.0
0x03dde38028cc5a59b8d85930ff8f5fabbd6e2dbe,0.0,0.0,0.0
0x03df1de3f2b9c9113a431eabc78264a01a2c2d50,0.0,0.0,0.0
0x03e08a0f18c2b5edb385f4dfe2f5a2b525bc0878,0.0,0.0,0.0
0x03e494ce05a440729ab5fef38d46a84406e54501,0.0,0.0,0.0
0x03e4c2f13d937db549d35f606fc74a1034de362b,0.0,0.0,0.0
0x03e6600a4e769da460ae567b936431590580b6d6,0.0,0.0,0.0
0x03e94fea140cdef59f28a97e8a465cc2457c045f,0.0,0.0,0.0
0x03e9a17304a1c1fe229965616b7dddcd96579a29,0.0,0.0,0.0
0x03ea93102dbd5cecf952b6715d591bf58b6a657b,0.0,0.0,0.0
0x03eb284b79b93e3e6813ea28c210d3a08a9eaff2,0.0,0.0,0.0
0x03eb2f2d7eeab4b9cbb59bd58cedbe2d30948562,0.0,0.0,0.0
0x03ecd5763053a58a82827a9b0bb2f5199e82fee8,0.0,0.0,0.0
0x03ed358b4ea92c6ff41ebf5f0f8f22847b993d2f,0.0,0.0,0.0
0x03ee8da73fb9ac917e03348e5a498699e4a846eb,0.0,0.0,0.0
0x03ef433cfeb13c0ed1242557fbdbd716478fddc4,0.0,0.0,0.0
0x03f2c10fa31be77d666ee1e326e3a1178c425974,0.0,0.0,0.0
0x03f4ac46922f745a7088e92df0a9b37f299e5614,0.0,0.0,0.0
0x03f5c2747f164d5ff2e52161190b077c7219070a,0.0,0.0,0.0
0x03f8420b1754b086ed30543f071fbd8282c5fa84,0.0,0.0,0.0
0x03f8d481becf0463bf1f201fecf4095503730267,0.0,0.0,0.0
0x03f90f638fc2c73e43008e66e11e554a8de746ae,0.0,0.0,0.0
0x03f938f62fbe032d3197b4f74fa4c228de73088c,0.0,0.0,0.0
0x03f9bb84628bd284686819a5ba7ab5c0193145e6,0.0,0.0,0.0
0x03fde9f49e46f4b0518a26bfc8bd29569dbc40c2,0.0,0.0,0.0
0x03fe5965c7d96414e4b3d09642994c29552711b2,0.0,0.0,0.0
0x03fe76bddaabd0288b14fb9b9929922ad7159ee7,0.0,0.0,0.0
0x03fef33df5b760df1bb3d4d5aedf69402b48cdc5,0.0,0.0,0.0
0x0400083c67fd63db5f1ae087efd9583430b663cf,0.0,0.0,0.0
0x040020bead45659c621ee4c6e8a8f326ca469693,0.0,0.0,0.0
0x04007f94d19462042fd84e93fcec9a5b05cf5db6,0.0,0.0,0.0
0x0402f615b6aa30ece82c93396db6432d4974b1fb,0.0,0.0,0.0
0x0405c2898a3dee1ef160f0b5f97b0e1475f2024e,0.0,0.0,0.0
0x0405e13dc7a586cc2c371f531e90ae50cf49beec,0.0,0.0,0.0
0x04063f483786be70695cccd10ae7ef4c7f6224e3,0.0,0.0,0.0
0x040887454f6f08dc089d8c5671df51da5057a4bd,0.0,0.0,0.0
0x0408c8e4e0d9c052840655dbe768c743d4bd1f2b,0.0,0.0,0.0
0x0409b96fbf7988e5d186a350c018acc48cbf59b2,0.0,0.0,0.0
0x040c1749900642febd1cec7955633923ac1d8666,0.0,0.0,0.0
0x040c2b92511c6de1be3e47d67038c2a49ea6fef2,0.0,0.0,0.0
0x040c67d6c0f2e7035e4b39d2ffbcce1741b697ae,0.0,0.0,0.0
0x040cc4bff13c6baecc8f49d56b10012e2715fb0c,0.0,0.0,0.0
0x040df4fd17862caf41045d1c7e7ca420322617d4,0.0,0.0,0.0
0x040e07a1623f39d6161be7337a8810328e79b97a,0.0,0.0,0.0
0x040fa9bbed1f3cbae34ec655f9c49e25532cab72,0.0,0.0,0.0
0x041065dc6b855ba2a436c564ab0c9fa62a9803b7,0.0,0.0,0.0
0x0411c92f02c35dcf4ce18dd23b314e0fb5e5119f,0.0,0.0,0.0
0x04154fcfbb3dad4e2f3096e5b8952cd601e53c02,0.0,0.0,0.0
0x0415a37766ef8a945c1a38dd839c8b1f4feaecaa,0.0,0.0,0.0
0x0416c2fe328fff0fd6039554c75c3d3fb2db94c4,0.0,0.0,0.0
0x0417beec20510b679ec207a0ee12720ee924b772,0.0,0.0,0.0
0x0418936e04d12847b8ff2a732c382fc8fb78e7d0,0.0,0.0,0.0
0x041a89f3b7ad2eecbfd280a4ec567ed88bd67f49,0.0,0.0,0.0
0x041b26d91b8522a00d1c2a484c397a612c82fc3a,0.0,0.0,0.0
0x041c2b12b643aff71468172aff2c409624d95921,0.0,0.0,0.0
0x041ce53ec91c31abe748169be86f4268de4c7bea,0.0,0.0,0.0
0x041df04f972ae342ebf9d9723f7c497f4adbd798,0.0,0.0,0.0
0x042011bb6babb6998d2f97c2e07a50e9394d2f4e,0.0,0.0,0.0
0x0421267a711db1c6b8f9fa72f3dda8d4df1f6bad,0.0,0.0,0.0
0x0421fa1f9f228934332cc11de6f66497f43fb734,0.0,0.0,0.0
0x0423d92d98a4b1696b9329e5a39daf0772040497,0.0,0.0,0.0
0x04243edabb0bea3ed3ab4ffb424fe76f05899cbc,0.0,0.0,0.0
0x0425cc2a2750fa8042700973e776774a6f639e96,0.0,0.0,0.0
0x04261f3a4f4e244b80ed7e3d8b7ff28abd6c4dc9,0.0,0.0,0.0
0x0426266cf573388100183343b6e26b8bf5e4fdbb,0.0,0.0,0.0
0x0428305a45309c9f296a6cce4bc9550af727a324,0.0,0.0,0.0
0x04288d0b8bc6298a7cc26f367f42932d71c79d9a,0.0,0.0,0.0
0x042a154ede61e25b4220cbc83e76c79f8c0d3926,0.0,0.0,0.0
0x042a1ccde458f357618d8687b4fb99fa10775599,0.0,0.0,0.0
0x042a62b83529ba7bdbfd79c96804f9a36ae04c4c,0.0,0.0,0.0
0x042e091145d2e0f6273bb1e4a88f1f194dd97071,0.0,0.0,0.0
0x0430605323465e26dc21fbaaa9a1a4be6ae9d496,0.0,0.0,0.0
0x0430b536135751ba80f45550007be68c6fe3db92,0.0,0.0,0.0
0x0433fa8caf0419698f7e06ce99a917bfdf24274a,0.0,0.0,0.0
0x04359cc145a3f8b1865959d4e904c8b4c15fb29a,0.0,0.0,0.0
0x04371e418fcc889954ab64a59235eadeb033eee3,0.0,0.0,0.0
0x04379cffc95575cff92a5884863a26600c0f3ddb,0.0,0.0,0.0
0x04381813e17b6198435cdb83712d11d0eabd3217,0.0,0.0,0.0
0x04386ac720b8204c01bd23497f4a63e2b209259a,0.0,0.0,0.0
0x043a2e8b8f91d44821d8ebb0e29e83ba3b597d63,0.0,0.0,0.0
0x043abfff63616d247b9247765b89f6c5b5fd94eb,0.0,0.0,0.0
0x043b2116f729e188668810d8ae0f86eb1152ae4f,0.0,0.0,0.0
0x043b2c863b8dab9f264ceee9d8d2cb8b9f7c66e1,0.0,0.0,0.0
0x043bd112d6db10daa0f15a255697d0b88e3daf43,0.0,0.0,0.0
0x043be978300c684c8f691e086414155d5f9d6f2e,0.0,0.0,0.0
0x043be9f76411e021f3aca8b45db64b0c36075a0d,0.0,0.0,0.0
0x043fdabff38a1e9897f2f5a860b8b88f9a0a9f24,0.0,0.0,0.0
0x044009974d4a8ce81dd4b46a5ca98a772ed185a6,0.0,0.0,0.0
0x04426a58fdd02eb166b7c1a84ef390c4987ae1e0,0.0,0.0,0.0
0x0443d542c2a4eda89af20a9d7315596f8240e48a,0.0,0.0,0.0
0x04448987b1f40dfd2ca70eeeb323ba710c5768f6,0.0,0.0,0.0
0x04469b770821cec9cc3a1e8dc92e4635faf9bca6,0.0,0.0,0.0
0x044a9157c17119eb476f564da8a9b03dfe5ac7f1,0.0,0.0,0.0
0x044a9c43e95aa9fd28eea25131a62b602d304f1f,0.0,0.0,0.0
0x044c9a9b81b28f344ee80db712af9ee6f1bc65d5,0.0,0.0,0.0
0x0450054af2245d1799292e4fc6c9da720822b417,0.0,0.0,0.0
0x045038d82b5c27b5c992994cd4129aa80fd1a20c,0.0,0.0,0.0
0x0450d81146ae1eb15d886b0a35673dbb9e74be19,0.0,0.0,0.0
0x0451864cdd0cb179893eb91057da7746b5b1973b,0.0,0.0,0.0
0x0452d528c990273208cd331b2c14de884354ea5b,0.0,0.0,0.0
0x04537c1eeaa19e1b8692c81ff68e9d403d0396ab,0.0,0.0,0.0
0x04541945d4d64141a70d355c6775173323551724,0.0,0.0,0.0
0x04566e55bd811bf6e3e164a3ebe49cbc85369bcb,0.0,0.0,0.0
0x0456b014da02c47c722742426192f8a0f4114923,0.0,0.0,0.0
0x045751c6c2dc89cb7d5976649eb63de2b2d77f5b,0.0,0.0,0.0
0x04581b79bf2fac9ed93b41b8023271ecb86b6857,0.0,0.0,0.0
0x045896a702263b77d8ebabd6c51e826f0f3ebe39,0.0,0.0,0.0
0x045a41a9d9cb0fc81cfe1e8f486e5c53a3b3ce8b,0.0,0.0,0.0
0x045e2a9db6ca319f6b667813c6088067eb52851e,0.0,0.0,0.0
0x045ef516ff36cbb58ae3714a2bcd244d31695d91,0.0,0.0,0.0
0x045fbe9cadc98c9d8935e3788303ab70328960a0,0.0,0.0,0.0
0x045fd671c4d7da33629475def9ababecc339c020,0.0,0.0,0.0
0x0464349e7012a83c965d672e9eca3896a1260624,0.0,0.0,0.0
0x0464a891a517c2be0bca86470b74babc985e9141,0.0,0.0,0.0
0x0464e9d70f1b21ecdf741ed3dba1de6d877d1b48,0.0,0.0,0.0
0x0464fb56ddf5dfc14b13d3b9c064f8732cbe012a,0.0,0.0,0.0
0x0465130e29be525707f2e38726e1465d632efbbf,0.0,0.0,0.0
0x0466e01f9edb0fe882be01b0693f4daf107fc151,0.0,0.0,0.0
0x0467661949ee9b85e78c5798731b2204e0ba2974,0.0,0.0,0.0
0x046773a7aa676523f981676b67e9f01719ca9eb3,0.0,0.0,0.0
0x0468222405c1f78f80035c7a87254df9bb2a9381,0.0,0.0,0.0
0x046a09854fd98fb21fbe7d6cbf58153b55a39669,0.0,0.0,0.0
0x046a5d95317dbc2ae8ed4a0c370b9183d161a14a,0.0,0.0,0.0
0x046ae0974283a9acf5cb4228a93d000c6d0ffd76,0.0,0.0,0.0
0x046afddbc4e4fe503ddd2b952f7d849d1270ab3f,0.0,0.0,0.0
0x046b8f645b2a09f9527f191fbcb6491094668a45,0.0,0.0,0.0
0x046b9d060f49400b6a6f1210ef191b019cce9030,0.0,0.0,0.0
0x046d749b3cf095dc2bcf9a82a9de43966b29cf49,0.0,0.0,0.0
0x0470a2b7b6b48d5d8a8f42f8fbf10218ea416755,0.0,0.0,0.0
0x0470a46f57515cb7d112acde06f410c3111575b0,0.0,0.0,0.0
0x04721424482164fbc54992e6642e228bddd154d9,0.0,0.0,0.0
0x0472fb73541e18716446b3c52d4221c8f78de7ae,0.0,0.0,0.0
0x04737567bb285ac7c15244c9c9f8707d67d1e558,0.0,0.0,0.0
0x0474101e1a5926a9d7295f80d2a7e4617dc6bf53,0.0,0.0,0.0
0x0474b7e51abbb836a44b68dc6382134bddce6538,0.0,0.0,0.0
0x0474f11e0367edde612e0119f62aad7695dd86d5,0.0,0.0,0.0
0x0475a4b2c54cdb975278a8ba5977ebf07df8f033,0.0,0.0,0.0
0x0476f3ee277eb20568ee2369b337f3ce55bc558a,0.0,0.0,0.0
0x0477455e0e65928b993ba49bbbd5ce8d434fe1d2,0.0,0.0,0.0
0x0479283a1751f32dc400615f5dd6799ebd304e6f,0.0,0.0,0.0
0x047a1f7235a03aa9016061b16b54da901044fe0e,0.0,0.0,0.0
0x047a96ef72d7ee6a3f193bdb92e998fb300265df,0.0,0.0,0.0
0x047be7607fbf63467e2ca66af84b1cffd69c7bf2,0.0,0.0,0.0
0x047c29119e9322c10b0712ea80d49ba34776186c,0.0,0.0,0.0
0x047d5247698a111b34d7dde3282f07fd154cb759,0.0,0.0,0.0
0x047ea31614fc085ce7b80412fbab65fd51a8bb7a,0.0,0.0,0.0
0x047f78ef663432cd15d28c0b7098bd6236442264,0.0,0.0,0.0
0x047fdc2db6ee901f154f60b36626194d2c2a68f7,0.0,0.0,0.0
0x047fe25b45dd7f73258d858971cfe41e004e6132,0.0,0.0,0.0
0x04803b46c2a8951a2ce0793d58db51b29656dfbe,0.0,0.0,0.0
0x0482d6bf3b83470ee4ee87c20a98d38249138e1b,0.0,0.0,0.0
0x04841cbcc7676ddfe8146e8ad3aa0a478e843792,0.0,0.0,0.0
0x0484b2e7973130c0b31b482175c15a38d86e5840,0.0,0.0,0.0
0x0487fed00e5f5e81507b1cd6e851b741a4a020fd,0.0,0.0,0.0
0x0488eb591321625f9417cc3c21398c8d06ac9095,0.0,0.0,0.0
0x04895114da673f16d83a75e4cd3c64a68e2428c8,0.0,0.0,0.0
0x048a81418e95b13b47b63f4a784a1ff5542e72cc,0.0,0.0,0.0
0x048aa5096f91f6436ed3ac79e853c16a9c4155bb,0.0,0.0,0.0
0x048aaa70a3e351c9e3b487ba78fa03efbf062067,0.0,0.0,0.0
0x048ab378049f7763e5c728fe551ae19115b2bb20,0.0,0.0,0.0
0x048b12903e0cc00b5bddbec2c76909cc6666c155,0.0,0.0,0.0
0x048ca2571ed3aec463d42cb6fb0f20f6fcb7988e,0.0,0.0,0.0
0x048cfe86325ecb012e4cc05495683e229eaca7ad,0.0,0.0,0.0
0x048e1e942cecde524fb35ebd625749b0be00f563,0.0,0.0,0.0
0x048f06d1afb5e43f73f593aab1b2a4316ddb5d9f,0.0,0.0,0.0
0x048f5cb4c12107c37e2d028aa56315659f36ce47,0.0,0.0,0.0
0x0490bcc64eb613b9f5b774f7e0fed4478d0982ab,0.0,0.0,0.0
0x049201b13cd2a316aab6edae90cc0f8ed6597ea9,0.0,0.0,0.0
0x049262af9167e1fd91c668cea2500eac72bd6df7,0.0,0.0,0.0
0x04936487d69f08a304bd6470c2f0cf6e6aa609d7,0.0,0.0,0.0
0x049403324eaf7b38e6fe3bf547c1f9e13391ce3f,0.0,0.0,0.0
0x049569adb8a1e8a9349e9f1111c7b7993a4612eb,0.0,0.0,0.0
0x04962bc8ed7ea4f608dedf636790035d058b1daf,0.0,0.0,0.0
0x04963f5707c9db2d613e8d402453f88a72f1c6d4,0.0,0.0,0.0
0x049675d578aff8a085ea67947751cc2df717b863,0.0,0.0,0.0
0x0496c02f3d8eadbc5558913ef6dc5fff59077df0,0.0,0.0,0.0
0x049940feda4277b7f01ef10fca0b975c541d8fca,0.0,0.0,0.0
0x04997f327d508cc66bf2afbaec867a5b45fcb231,0.0,0.0,0.0
0x04998145f9615270181f46cacd96e3fb2275bb64,0.0,0.0,0.0
0x0499f8afe7234321fd3da64116141431fc08ff35,0.0,0.0,0.0
0x049a198dd6d7937a07520d6f0f6c3570d7b00d9a,0.0,0.0,0.0
0x049b8457a23bef5354c65d1cbbfa3bb897782ec1,0.0,0.0,0.0
0x049c43731aa8c4cbc14252e52af0e55c5a48df15,0.0,0.0,0.0
0x049ca02e4394a5ddea5ef9c3194d82e640187573,0.0,0.0,0.0
0x049eebc628e60f804daae62df6c3715b9273b2c2,0.0,0.0,0.0
0x049fa027e31206dd10b1ef184e7f564b41eef68f,0.0,0.0,0.0
0x04a0457e163ceef461efc4d0c2a374bad426d1dc,0.0,0.0,0.0
0x04a38539567837666eb4ee6e027005d14410386d,0.0,0.0,0.0
0x04a4f6e1c8b1917fd9b937a44b5d35fc3e12a275,0.0,0.0,0.0
0x04a5f2cd0cdc04f4c483d3dffc71c218551500d1,0.0,0.0,0.0
0x04a610f9b627d61b1be63f6dbce3cf67ee38a005,0.0,0.0,0.0
0x04a6b09c4708f4c94670cc52b15b3dddb6c7d04c,0.0,0.0,0.0
0x04a6b171582bf89567aa91780db5ad2479fc383c,0.0,0.0,0.0
0x04a72dd82489175d80e1c165e1aba1771955a0f0,0.0,0.0,0.0
0x04a74af2379f0263a60b5df186e0e66d32c88539,0.0,0.0,0.0
0x04a965e6c08deeb868d46f4706c70f2df2a0e2aa,0.0,0.0,0.0
0x04ac9be993d9bb591192402243a45e1e9f72b1f8,0.0,0.0,0.0
0x04ae8c108743167c7457073ba8c1571fd5d56325,0.0,0.0,0.0
0x04b12ef29de958ef09e983938f51a52fa5f7c487,0.0,0.0,0.0
0x04b2c599c7edc44ffbcd800cf946d5f46db7836c,0.0,0.0,0.0
0x04b2f0087765e57f51ef3c91b2be23d0a02839a6,0.0,0.0,0.0
0x04b5171a7265fe54b02418c345cf4ecb7a6deb11,0.0,0.0,0.0
0x04b5762ee57e2fa1cc1dd2e13d284d0284f2d41e,0.0,0.0,0.0
0x04b59920172985237d8c10f2ee2b3dbf7d56154c,0.0,0.0,0.0
0x04b5c5d08ddef275535c5a95a62f803fc1cd3dba,0.0,0.0,0.0
0x04b6c3d520b2521ed9bf523c03967f4a28a32b50,0.0,0.0,0.0
0x04b6ea5a19b8945eddc4a141408ec34c2a55a34e,0.0,0.0,0.0
0x04b7f0bb0ec9de8313180276279984125e9c3f7c,0.0,0.0,0.0
0x04b8b16b405662a4d14e27d943036dbd31aab01a,0.0,0.0,0.0
0x04b98ee207121943d1e76080a5b4b93345663335,0.0,0.0,0.0
0x04bdc271b7afd68bbd52c9366880849c15ba42b7,0.0,0.0,0.0
0x04bdfb9f9704694ca365b8e27bbdb7e093475340,0.0,0.0,0.0
0x04be2a942c1060db1c7615670bb55950a52f8b15,0.0,0.0,0.0
0x04bed630357309dc193bebce09a2ae1381166b33,0.0,0.0,0.0
0x04bee613690e98a1959f236c38abaa5f2439b14a,0.0,0.0,0.0
0x04c0186b3414b05f8e6d35b8d51f01c25f10011c,0.0,0.0,0.0
0x04c18cbf703c72591f1800b52d801a948f55e00c,0.0,0.0,0.0
0x04c233493c34a74c4739fc589b52d25c5776de4e,0.0,0.0,0.0
0x04c2e657cb2b0d86d7129819808430d889ed2660,0.0,0.0,0.0
0x04c322117e21cd15163b9954eff247e9f32359a9,0.0,0.0,0.0
0x04c3611d4504b454f1309e0f523db8d0f95feac2,0.0,0.0,0.0
0x04c444bcd609e73fa141cdeb401f9b6ce83d7cbd,0.0,0.0,0.0
0x04c55912af70c59cefbc350eb864071f24835fcf,0.0,0.0,0.0
0x04c5ed69842a879976fb324716396c09a6470585,0.0,0.0,0.0
0x04c66a0474f1c6dee2a36fc6254f60989ba2651a,0.0,0.0,0.0
0x04c873241fe90e09ceaa93cdab3cc5c55ab863cd,0.0,0.0,0.0
0x04c89b6513400df610c062f09bc243a743f34fd9,0.0,0.0,0.0
0x04c9481dd5aaf3a65d387b5e8c53e805c95cb70a,0.0,0.0,0.0
0x04c9b1744e0cc0e2879bbbb41b6a77e10625b87a,0.0,0.0,0.0
0x04c9ea8aaa2bf73bd0301a314d8d865b89843587,0.0,0.0,0.0
0x04ca9d52ee6f8638fa959375b6963d080d4c844f,0.0,0.0,0.0
0x04ccc2b6e312d9bd573b3885b4c2bfd29c5493e3,0.0,0.0,0.0
0x04cd5ffd4e9ef854e03b7e9fe865301b540048c2,0.0,0.0,0.0
0x04cda19cb300c98a5ff01a9bafc907e8751268d8,0.0,0.0,0.0
0x04ce10ad684ea76ea7bf024ec8febcc7bb7b89f3,0.0,0.0,0.0
0x04d0d0c4bf3ff7d5b54869b813a4026414b57f1d,0.0,0.0,0.0
0x04d12047150d1cf5f6560369261cdffc4ea65524,0.0,0.0,0.0
0x04d1cdf9fd1122f863126c50fc96cdfcb6400172,0.0,0.0,0.0
0x04d1e3032002bf14d508b9be1272bcd391991740,0.0,0.0,0.0
0x04d34271e0216a8e3bab7598557112f70a06dc48,0.0,0.0,0.0
0x04d3878b491afb02abaec1dc7964e69cd01781be,0.0,0.0,0.0
0x04d636d093a0ec32e981c2c87b47ad8437f5c8c8,0.0,0.0,0.0
0x04d77f0bcc07515b0ba5d67bb812d6dcf1f1b2f6,0.0,0.0,0.0
0x04d9d6934fa51db9f34afd7e65ca08a9d9dfd818,0.0,0.0,0.0
0x04d9f6ecd792e48a09fa5dc2138baed8e628a7e5,0.0,0.0,0.0
0x04dc6792cdf6f04acf894780cfb486fd0987ae86,0.0,0.0,0.0
0x04dd50bdd139a9981bbaca6451f79b22d5af3ecf,0.0,0.0,0.0
0x04dde662ee487ca57b13932a23352eb854ec36bf,0.0,0.0,0.0
0x04ddf96a61c4c44731f04df4e963f61cfe3c9c6d,0.0,0.0,0.0
0x04e143012ddcd4da17c439992614f51d4f2d367d,0.0,0.0,0.0
0x04e1a99f76658931ef68f1b6a948378834282954,0.0,0.0,0.0
0x04e2b5c5d91f7f630d36142043d8a1752af689c0,0.0,0.0,0.0
0x04e40c8f0b5c7e71d2eaca55387405326d533f56,0.0,0.0,0.0
0x04e45ee310048f79d0eb1d7efedaa45c1973dcc1,0.0,0.0,0.0
0x04e492d349e82cafdc314cc0d966592b6ee9df11,0.0,0.0,0.0
0x04e51339af9f53915c2ad3a955b13c9ba5a67433,0.0,0.0,0.0
0x04e55a3ae9d3083544409b1bb9809f983f67fbdf,0.0,0.0,0.0
0x04e6e7c324cfb56173d2028e18bf3207b169a71a,0.0,0.0,0.0
0x04e81e32966b75f900c2aa2bf7f0c31f75c11310,0.0,0.0,0.0
0x04e8a3412d46f8625005d8e320c45b6f3c0242df,0.0,0.0,0.0
0x04e9601bd84b0934af81475670ae5d0ab5e4b9b9,0.0,0.0,0.0
0x04e96cdcfbcce8c972c5f976117784933e0cc6af,0.0,0.0,0.0
0x04ea240f764d8784d76485863ee5accf9e336f9e,0.0,0.0,0.0
0x04eb9b28d200a20337a5383b02f8b19cd419f577,0.0,0.0,0.0
0x04ec042478e6aa2a0a655edc088f3cc39cf0a7dc,0.0,0.0,0.0
0x04ec1f418d38fb0f849d62eacf9727ad9f8e410c,0.0,0.0,0.0
0x04eca8193ca0a4ea0b368ad36d79eba7654262b3,0.0,0.0,0.0
0x04ecb5f063d5ffbaf3268af1a3ccaac296f74121,0.0,0.0,0.0
0x04ee01137811d587ecbef9262a8db2248666f341,0.0,0.0,0.0
0x04ee10fd378f7cad5ac5751d7cd0f42b13ee3b76,0.0,0.0,0.0
0x04ee321ee32021c6607a5e6421b3e09008bebc08,0.0,0.0,0.0
0x04eefaeb6f90a5627dba307c15a65acf3e589573,0.0,0.0,0.0
0x04efc3225aa96a0fcb977bfbada6712f99310545,0.0,0.0,0.0
0x04f004eb2431e8f79fe0c671c807ecb2f5cc71ff,0.0,0.0,0.0
0x04f14602b7d1fdaa374aef914bb161e5cbeba6e6,0.0,0.0,0.0
0x04f1d25968cc1ad76e773d1b06acee6c502c93dd,0.0,0.0,0.0
0x04f1fc616db817879898aa1635d574593f227b4e,0.0,0.0,0.0
0x04f273dde0c27ae188f81246bbda93f444cd9dd3,0.0,0.0,0.0
0x04f4d6f45d2132ab59a825b0ef294eef87a652bf,0.0,0.0,0.0
0x04f5a06edf6a92e77d6aa12bdb2c5c7517553fa5,0.0,0.0,0.0
0x04f5c67be870758e6d5200a15f7722b471ebb821,0.0,0.0,0.0
0x04f648bb839033bba7c6341529bd7dd6fd6d413e,0.0,0.0,0.0
0x04f8dbe39e3bc4bbdf514563f1e63acd040edcae,0.0,0.0,0.0
0x04fa883269422682eefb7dda4ebfd66859e0fe63,0.0,0.0,0.0
0x04fb136989106430e56f24c3d6a473488235480e,0.0,0.0,0.0
0x04fc359e0a815db4ee2498873da41a0143a594aa,0.0,0.0,0.0
0x04fc43e8f4da7fbae135cb0ae73b8913d8e044d8,0.0,0.0,0.0
0x04fda72d3a0dbbfa6793a604cedb5e5631750df2,0.0,0.0,0.0
0x04fdac80b3ca0b9066bd275f176dc807e3908a8e,0.0,0.0,0.0
0x05014b4f8d9230eee9660f5f6eba4f0597d6bd86,0.0,0.0,0.0
0x0501ce52054d546b62045da91647212e00d85f9e,0.0,0.0,0.0
0x0505bad45bc350d3fdcd670800343626696d5ec6,0.0,0.0,0.0
0x05069a643656f4d38df42b054c3c25ce75c53cfb,0.0,0.0,0.0
0x05070c5b87fb811ad523053e8d0ddc1de663676a,0.0,0.0,0.0
0x050720de5b724af8082190ae387174f5fe472d4b,0.0,0.0,0.0
0x050748fc07e2d0d53700c064080b9602ef427af8,0.0,0.0,0.0
0x0508c3a6cb083b03d760a2cd7bd28a0a32a63e84,0.0,0.0,0.0
0x05097c27631f3c41237c7abef075c4b8e281eae7,0.0,0.0,0.0
0x050b2acf987f60bbfac8a8312a5c84c781058b52,0.0,0.0,0.0
0x050bcc773c1dd7b78624291f1ca3facb690ef09c,0.0,0.0,0.0
0x050cec6a33d5ee57eaaa8124bdb9bcb7e0d817db,0.0,0.0,0.0
0x050d9f92aaad5c4fb676e3e4f233e18e6f167698,0.0,0.0,0.0
0x050ee024a0ffd8b9bd383271835b27dd66c3fec3,0.0,0.0,0.0
0x050eff11eb0b016fd8cf4d4f564584626f09ee60,0.0,0.0,0.0
0x05119e9c19a50e66cc085b2dd2730897f470747f,0.0,0.0,0.0
0x0511ff29c615e4b1065da22819195b7080a1ff28,0.0,0.0,0.0
0x051464267416f04a0b38b081f7f6eb150a588dfb,0.0,0.0,0.0
0x05182e579fdfcf69e4390c3411d8fea1fb6467cf,0.0,0.0,0.0
0x051886c7bef4b86906cb0994f14a4f6a1d120a7b,0.0,0.0,0.0
0x051a3190c9342211eb311723b23b8c7cbd7b5a5d,0.0,0.0,0.0
0x051ae28151a68cceea5e234694b82c913a802fb9,0.0,0.0,0.0
0x051b903060920fc5751479a85ad5340587267a53,0.0,0.0,0.0
0x051ba1cf67593ea9e697a1039c549cc94660c4b2,0.0,0.0,0.0
0x051ca9ee1263a1d2a6d25d7c284a2ae9c3edbd7b,0.0,0.0,0.0
0x0520e146a8eb11276ae1b4afdb9ab02bdb27b831,0.0,0.0,0.0
0x05220a8663909f5f2bd9ceb393d7f7bd7383c8af,0.0,0.0,0.0
0x052370f3278cd2ad96be34bacc1748ebf8c99056,0.0,0.0,0.0
0x0524849b35de1273b41918ce5c0f5b260a4bd033,0.0,0.0,0.0
0x0524c91701fcc461c90b3120769b5f295f706a16,0.0,0.0,0.0
0x0524e7c0c1ae860b58089c747544db7393a0e5d9,0.0,0.0,0.0
0x0524f2b8765ee3a1a033311ddc9e2dcaad34b8c3,0.0,0.0,0.0
0x05250b39a5c97c289c79ce2c83f3af8dd60aa438,0.0,0.0,0.0
0x05255995c8c766e4f71c48c0dd3c3e001d9a34d2,0.0,0.0,0.0
0x05264ed450de7be1e0a4aeda3fb73d23e2abeb7e,0.0,0.0,0.0
0x05275affa4b235deacf99e490f3834273c15ea8b,0.0,0.0,0.0
0x05279be7b95aadfd686d24fcf6740869c81b7532,0.0,0.0,0.0
0x0528f588718437c2bd3d9e4e1965bd570a4c7d6c,0.0,0.0,0.0
0x05293c6f76202cf49be925f9a0d33683d98cc4e3,0.0,0.0,0.0
0x052a44f7e4213413b9b9440ded0175a3b43bffc1,0.0,0.0,0.0
0x052afaf0299673d62d22fd60d585fb6f0284ec47,0.0,0.0,0.0
0x052ca94ed9ccfe1f84844ec9b4705c13279f1fd9,0.0,0.0,0.0
0x052cd92257aa17b3f965c4b0d3f51f0d223c6950,0.0,0.0,0.0
0x052ddf34b4f7e8754425958ff14ac8b5ae4c4e5a,0.0,0.0,0.0
0x052f348a45620f2c26926d2b58548c7eaeadf870,0.0,0.0,0.0
0x052f3e2d4982fd668783f2a04c17a2235c003fae,0.0,0.0,0.0
0x052f97b6d5fbb925ec65f963bab19b444798b568,0.0,0.0,0.0
0x052fc1d7121066a22c03f9332afca1653e0942e3,0.0,0.0,0.0
0x05315653e6e5bc09c383e71062a1387e1c5ce341,0.0,0.0,0.0
0x05318780cf680ef49f9aa4edb40b628462029bd6,0.0,0.0,0.0
0x0531f17900e2f7f4154becfeb0516007a09729ea,0.0,0.0,0.0
0x05327ca0590e721d5af0549ec40415d05155a2a4,0.0,0.0,0.0
0x0533abab4129b3a44ac45c8267d964cbfd5177f1,0.0,0.0,0.0
0x053688942c0eace50fca3f5629aa12024c09c954,0.0,0.0,0.0
0x0537cb86f771fe6f73655d06462547dccfc48709,0.0,0.0,0.0
0x0538146cff9325928f6394661fd6d0cc5b792edb,0.0,0.0,0.0
0x05385d702678e30c71fe795f9193fc12e1bd37b1,0.0,0.0,0.0
0x05390ba1f2c390fb4c69a252f9292e06552e76b0,0.0,0.0,0.0
0x05393e3a9e6bedfb8d42af2e4087c7944359619a,0.0,0.0,0.0
0x0539b872df4e0bb8a7ff8566d61aa08530009e0b,0.0,0.0,0.0
0x053a19dbc9fd177b7d71de03d9ff7475e89f9d53,0.0,0.0,0.0
0x053ab16a247321e312f3a8a2a0a8abda48707241,0.0,0.0,0.0
0x053bb067126b2641a3696d0849b6957e99344530,0.0,0.0,0.0
0x053bf9ab3b044137eff39be4857eab5e3a40a239,0.0,0.0,0.0
0x053cd8b1c0b52ffe500807739e79cd5efe4eb00d,0.0,0.0,0.0
0x053f4977dcda4506032c5ec230c31242fd123ee1,0.0,0.0,0.0
0x0540003bbd356a49bc2e74a3f8f872dc318dc46b,0.0,0.0,0.0
0x05404b6f8990a4108150366adb572a870b137edc,0.0,0.0,0.0
0x0540a183be580660a4c7399311b080fe13b06a11,0.0,0.0,0.0
0x054161306434f11bc27a980745a7e35f5e99cc17,0.0,0.0,0.0
0x0542e8f95f765b81cd6a08db37d914f664db5d3e,0.0,0.0,0.0
0x0544c10cf254eede9711b9fb6cc803ff3c3bb628,0.0,0.0,0.0
0x0544ca49c5b41eaa5a150f44c158ea2018dbbe97,0.0,0.0,0.0
0x054a164d91efa1cf07c2f682d2c9d618c9076f85,0.0,0.0,0.0
0x054d68e679dcc51ae2f9bd66d0e260947225d128,0.0,0.0,0.0
0x054f16fa8ecc15dc47d22422d3d864eba43e87cf,0.0,0.0,0.0
0x054f3f0b924c04cffbb7da01758916c2ec2b8ab9,0.0,0.0,0.0
0x054f52abacec7481b912135356da0e893af5a36b,0.0,0.0,0.0
0x054ffb629aae21f407a63e3ce78e9878d53c4450,0.0,0.0,0.0
0x0550dec49ceb48508c847161bb2486fff347d6fc,0.0,0.0,0.0
0x0550f5196ec5c453f8326c7b9bbc3ae60acaac7a,0.0,0.0,0.0
0x0553aeaaa787ca5bbca6e172d3fde33957ff4b91,0.0,0.0,0.0
0x0553d865f1b279d87fe296ad28af11b02a7274ef,0.0,0.0,0.0
0x05547ef01188a7ce563d44cb26391f1d24a51683,0.0,0.0,0.0
0x055622a2fda7d6f3b813adcc70a32203e2eabc58,0.0,0.0,0.0
0x0556ba62cf5325e058d1ab758f76e9c0bb201ed9,0.0,0.0,0.0
0x0556d8577f44cd4aa6d0fd89b6670e6ca2fa7fd6,0.0,0.0,0.0
0x0556e7b4190a2a17cf5d1c549b2fed7f34622a8c,0.0,0.0,0.0
0x0557d5aeec6f2dbffdc2a4cdce59ae3286a2e896,0.0,0.0,0.0
0x05580b7f012c40f0ed632cac5452baf95e1628bc,0.0,0.0,0.0
0x05587a5e2cc8e154373ad05db9738ab3e672fb79,0.0,0.0,0.0
0x055948f72297ed3b34a97dc35fa47b318cc7514b,0.0,0.0,0.0
0x0559f1ea983c22b31da99d916b69bca76ec2d860,0.0,0.0,0.0
0x055a875cd844f04a2c2ee1bb72999d7e7b40761d,0.0,0.0,0.0
0x055be3a0cff9bfefc49a270e6a4cf4ecf70b8779,0.0,0.0,0.0
0x055c23e9781d408895ce4d6f3f3fb6e5ad55f730,0.0,0.0,0.0
0x055c5967aaf0b69868783c0527e526b7edc3f0fd,0.0,0.0,0.0
0x055d4bc9855caba4d63b3276fddb0334060c5573,0.0,0.0,0.0
0x055dad607b7b17e3b51ddcaf14b69ec081bc253d,0.0,0.0,0.0
0x055ec9b317dd215d37330ba8f41c70bddbf45678,0.0,0.0,0.0
0x055f10edf3684e20dca3c20c063c736da702bcfb,0.0,0.0,0.0
0x0560f3ac84eecbcc480af7ebe93313da8f7ea414,0.0,0.0,0.0
0x0563fcc76d4a53c1eeb2ba05655035c0ed04e152,0.0,0.0,0.0
0x0564a1ad815472f0cb047f6b1b6f6003a25fe75d,0.0,0.0,0.0
0x05650a088669d09a70c1fbc3cea48a9ceaf33f0e,0.0,0.0,0.0
0x05679df1e0f5719dabb8cbbfd46d9513c93907d0,0.0,0.0,0.0
0x0567d99a4420b8da0fd91c5ecba78955c04974f0,0.0,0.0,0.0
0x05682a10a7ff570e61ffc585042f3730f726c456,0.0,0.0,0.0
0x056a2909f81c63a6b18798c335a3f593402489c5,0.0,0.0,0.0
0x056a560537b780be6a4c35079cedb77822c58d82,0.0,0.0,0.0
0x056aedee9d9817627996c2e76fb08b3e180b8184,0.0,0.0,0.0
0x056daa8c2878e9172dcf2d7054b075acce22d515,0.0,0.0,0.0
0x056e5648032e696461424fefbefd5660acc56d9b,0.0,0.0,0.0
0x056eef32237b76e52da3b4268b0a77bd1c37404a,0.0,0.0,0.0
0x056ef71e202603e3aad84d42aed3632e995eac70,0.0,0.0,0.0
0x0571c2fc7b5024f1efbf51f529e45625e63b2ccf,0.0,0.0,0.0
0x0572826741f58b2ffabc6fe2b196ea77993442d8,0.0,0.0,0.0
0x057313f0809f338763ddfc005e43ca7d9fac0a10,0.0,0.0,0.0
0x05738aa4019e4bd797c4670fe66641ceaf88b2fa,0.0,0.0,0.0
0x0575d52465bf30e9c0bfc3fd7256e4743a2f11fd,0.0,0.0,0.0
0x057639a8a802d8f5ce025dd6dc149ba1d17d234f,0.0,0.0,0.0
0x0577ba0a9145afa894becc8f2387711fd48a6e04,0.0,0.0,0.0
0x057bcaf22fe3994333bea7d27009ff27b95fb12f,0.0,0.0,0.0
0x057c1c29f1e071c8a4f92baf4255e8b76e5f8eed,0.0,0.0,0.0
0x057cbdf52f285319235983ef77ad96dfc9ce9620,0.0,0.0,0.0
0x057d1a2b6ee1c3f1e478adb3059fd1541900e26f,0.0,0.0,0.0
0x057e26424db996ccf850a5e4d52d0c2457587d7a,0.0,0.0,0.0
0x057fe25001337cdfd44a7917fb999290f93e35f4,0.0,0.0,0.0
0x058029f046ce0868cd7045343d3f831feae523b5,0.0,0.0,0.0
0x05808c037e9f759096cf77a7f1f50a9f01dd5c56,0.0,0.0,0.0
0x05810cd51a819eb4cdfa4bdba27a90feec167926,0.0,0.0,0.0
0x0582a627a632dbf689786b1e537d22062706baa1,0.0,0.0,0.0
0x0582d6feae3fb27cb31826ea30a45f0e5b86ce7e,0.0,0.0,0.0
0x058440976f25ab70e3ed83980138806263e56994,0.0,0.0,0.0
0x058476edacb23e9507cff379e7dd8cf4dee4d2db,0.0,0.0,0.0
0x05861850bdb054b967c9405c4d8baef2e047473a,0.0,0.0,0.0
0x0588fc09cfb90f057eb8bd46344ab483b7c42dd1,0.0,0.0,0.0
0x058ae85d9747b3003366b375b4643d51c9100d0c,0.0,0.0,0.0
0x058aebff10cdc3057570cfc360ab9754da0d1241,0.0,0.0,0.0
0x058b0479324ccba9a002ab761bf74ed6ff361525,0.0,0.0,0.0
0x058b0a724821bb506ebd683915829ff9db65542b,0.0,0.0,0.0
0x058b10cbe1872ad139b00326686ee8ccef274c58,0.0,0.0,0.0
0x058b6e3812f85da4468cf55d98361436bc8e34f6,0.0,0.0,0.0
0x058b7ae6b79a769d365eb52883369b6fda899ec5,0.0,0.0,0.0
0x058e6cf8872e54f8196b0dfb354344906a0798a6,0.0,0.0,0.0
0x05924fea07959afc5ab178eb9de5403850299214,0.0,0.0,0.0
0x05928b30cdadf923980ad00655f89349d08751fd,0.0,0.0,0.0
0x05941c397545b80cc196fe139b989ab1be63197c,0.0,0.0,0.0
0x0595088cc2e0fca96cd7815633d0ff2cd3e7bbc7,0.0,0.0,0.0
0x0596fa0d5905a2ff0d1d48e5a3ccaa965e04456b,0.0,0.0,0.0
0x05976ae3ab8e6b3b01039f616670d3dd18b440a8,0.0,0.0,0.0
0x05986ff3f0e4c621ba6484762f2d734201c33b54,0.0,0.0,0.0
0x0598b27a62dfed32267c65f71d212636828a5599,0.0,0.0,0.0
0x059949cb13386014e50039c5750b5f160b0d2778,0.0,0.0,0.0
0x059b254553bb97ca61a99c2bbdbefb594aa94365,0.0,0.0,0.0
0x059e51c98c0a5b89624e8c1937a001dbeaceda8c,0.0,0.0,0.0
0x059ecc2543ebee56fd21209a229969286840ce3a,0.0,0.0,0.0
0x05a03c1a64d75016a870f5abde6c85539cd38ec8,0.0,0.0,0.0
0x05a082d4a4ae72304cb0518eaf460fa474f00620,0.0,0.0,0.0
0x05a08ee67f851cf618de3922d2c9da56fd7838b8,0.0,0.0,0.0
0x05a09bd0798c0320678f760890731fbeac9b0b62,0.0,0.0,0.0
0x05a120746daac8c26b234a7387ec17ba6df9079f,0.0,0.0,0.0
0x05a28038dbc46d2f7c9e819d0ef6380499bf54d5,0.0,0.0,0.0
0x05a404de8ddc44db9c9d579fda11e088a66fd1d9,0.0,0.0,0.0
0x05a4a3c1fe0916ec75df97a03cb0d8b8408ec402,0.0,0.0,0.0
0x05a5512222dbf0a2227187ea096bc39b6b9b4991,0.0,0.0,0.0
0x05a5787e3bd8478b9ba08a0ef2036296bc0edf87,0.0,0.0,0.0
0x05a726aff20ab6b723a147fcb19d3fa6433d627d,0.0,0.0,0.0
0x05a9015530f7e4261797b1506af6fb4d8981f918,0.0,0.0,0.0
0x05ab8ff4726dfb3d965dcf606e570b734d66254d,0.0,0.0,0.0
0x05ac24636011b12ffbe518100e26e25072498f0f,0.0,0.0,0.0
0x05acb1438730ca2e4ae69689c82a00731752a400,0.0,0.0,0.0
0x05ae01015bd81d82e90c0263c5a90a948bef4bb9,0.0,0.0,0.0
0x05aeaabd4b221dc741b0213dedc1c2fe3613e2c0,0.0,0.0,0.0
0x05b024e370ae7d3e3678a52d5fb68ce9c4ab30f5,0.0,0.0,0.0
0x05b0b833b8fb2f90cc00594f73fc560e6542bbf3,0.0,0.0,0.0
0x05b26f4df5372eefabb23039b69e2eabc8684666,0.0,0.0,0.0
0x05b2ad74e7387fa6a6feacc6465f7c5ccb4f9803,0.0,0.0,0.0
0x05b43571094e8613c2e993b4a8534ef974e84d75,0.0,0.0,0.0
0x05b4600b2e54b7bf090f39c2c6e7c70d0a571838,0.0,0.0,0.0
0x05b56b2b0e2f395f2f814c09c845ecf656b80b1d,0.0,0.0,0.0
0x05b605b02eba1c306bd1d7e83d282597849ef3f6,0.0,0.0,0.0
0x05b62442eebb2308ab39cf2dbb115fc47b633c52,0.0,0.0,0.0
0x05b68b3510021ebd6e2f1f49a1d4574437853602,0.0,0.0,0.0
0x05b95e058f04185f3aa8c47f025c2ce00a50ad6e,0.0,0.0,0.0
0x05baba43f8be0876b72184b680d653e31adb1b65,0.0,0.0,0.0
0x05baf63fe8b7f6bb8e00655b052a709b388d53d3,0.0,0.0,0.0
0x05bbf0c12882fdecd53fd734731ad578af79621c,0.0,0.0,0.0
0x05bc47b7ca092a9219a5a9bcaa9728de55e4ae3a,0.0,0.0,0.0
0x05bc5bf93fb199f423b080601d04cee4df82a3db,0.0,0.0,0.0
0x05bdac85005e75c04d5cae59434a9e4182aefd90,0.0,0.0,0.0
0x05bdf051fd2bdd05d366ee1ae4c02733c6823cc6,0.0,0.0,0.0
0x05be4b528e49d3315f2e98343b70197805809327,0.0,0.0,0.0
0x05be5be4e9a8f3d2592e36386c9340d1ae330d68,0.0,0.0,0.0
0x05c001fc9f8bb3f2de12f4901532aec7cad3d446,0.0,0.0,0.0
0x05c0498541807d238450690d4d8a0149e0a84e4f,0.0,0.0,0.0
0x05c0a11695e17c3d70a76d597d596c0f652ff9ea,0.0,0.0,0.0
0x05c18ffc1c74cb67cb26bb5222aaf3355b74bbc3,0.0,0.0,0.0
0x05c27519d3c87146fc0c9c75c3762e95402416d2,0.0,0.0,0.0
0x05c2879f011db90cbe5387c8415fc8fe5e81efda,0.0,0.0,0.0
0x05c3739cba77cbe93ad664e845edb45bfde62df5,0.0,0.0,0.0
0x05c49ea0823e51503cd782a88cbf36d8db54d562,0.0,0.0,0.0
0x05c6df5d4cc1158629ffef15d67e34eee73a77b2,0.0,0.0,0.0
0x05c8f94d48672c9304d0774e164bbfb03beb78ae,0.0,0.0,0.0
0x05c985db49d9e29aa66b465f18c7c6dd244e9774,0.0,0.0,0.0
0x05cbeb96622ec258fb0525a9bdd16182f9264df1,0.0,0.0,0.0
0x05cbed339b897c1d53ddbf9881087308f02e41c8,0.0,0.0,0.0
0x05cc45d29dee48eb6e8620b508f7da7e118782f7,0.0,0.0,0.0
0x05cd14412ccd74f05379199181aa1847ed4802fd,0.0,0.0,0.0
0x05ce0c6ea73606fc6340943562550f12e764dcd1,0.0,0.0,0.0
0x05cf60b657103efcd42f75a5e10a29a92e181f4b,0.0,0.0,0.0
0x05cfc5e72e8b7012fb9e811abbd1d66a7ce3e409,0.0,0.0,0.0
0x05d19dcc556638641022b35d3f5c7e25c9b1b7c2,0.0,0.0,0.0
0x05d264cf6873f6d53dc1eb914f9a63b9106c10d9,0.0,0.0,0.0
0x05d2bea5d43181387d7fb5827b29b0904f40c8ec,0.0,0.0,0.0
0x05d2d40448ec264b542a3b2c308789796bce9e1e,0.0,0.0,0.0
0x05d2f53c5bd50defe43628e01197b47dcfa1764c,0.0,0.0,0.0
0x05d45037ed91c3a6ed96935ec53e993c9cffb610,0.0,0.0,0.0
0x05d5b5d8f81b61ae473cf223aac694f13517a939,0.0,0.0,0.0
0x05d8da465be1352d4e4a67d6c3c226f427021b4e,0.0,0.0,0.0
0x05d959ff10fd30616b1b23cb012f2f71cd6c42d8,0.0,0.0,0.0
0x05d9c7318e4cdd6ab6b04b135b628a290f9a47dd,0.0,0.0,0.0
0x05da09fd7515bd600b89b89c0039d09bd91bf0c2,0.0,0.0,0.0
0x05da0c89d3f38528bd5ff5a4d271e50e664401db,0.0,0.0,0.0
0x05db7e001f6650745dcff8044d3e5ade3af4c03a,0.0,0.0,0.0
0x05dbde7fe248c7f51d9e87063c4d5c4ec3322a1c,0.0,0.0,0.0
0x05dcb24761e5f9d3e8138f811e4e06db7104478f,0.0,0.0,0.0
0x05dd84aa953d75c659147045260352d89941e75e,0.0,0.0,0.0
0x05de2c64e8b7d2b85c1e45843c3e97db0d3dd0ff,0.0,0.0,0.0
0x05dfa941764538a29be71d32a462ae96facffb02,0.0,0.0,0.0
0x05e09b56ec91620f9bab354c573712e446f8eb11,0.0,0.0,0.0
0x05e0a46a3a96478f8c6915f57e8089b3397e7cea,0.0,0.0,0.0
0x05e1e0e85756cde16309083dd223948b4f34b813,0.0,0.0,0.0
0x05e1f287dde4f9514ed22000a62a45b0da9dc409,0.0,0.0,0.0
0x05e2461c8c10138aee241268f28de6003d3dbadb,0.0,0.0,0.0
0x05e5a3e89794434042d4b8e51853fe28353f3343,0.0,0.0,0.0
0x05e5ab383f3c2d423cfd118b83420261ab0990bc,0.0,0.0,0.0
0x05e843051a31c0abd1fd35b5b08ead0345c3b7e1,0.0,0.0,0.0
0x05e9e2624a9c70efbcf9d51fc169d304d3d5df8a,0.0,0.0,0.0
0x05ea34e37b28962b9f17fce9cff68637ebb80e58,0.0,0.0,0.0
0x05ea3953d9e20d90b84c55311c6a989e68d1244a,0.0,0.0,0.0
0x05ebdbd59a1cde6b913a4d7345e6a8de1ec9ee30,0.0,0.0,0.0
0x05ebf7b089a859af295b4f4d96673edcb5ef6621,0.0,0.0,0.0
0x05ec08e0f92b0077e64ae43785b91ac248889629,0.0,0.0,0.0
0x05ed5e22bbf41969b11b3690700c8583b3844e25,0.0,0.0,0.0
0x05ed735c93879d84d082425572fe5ff827a0db56,0.0,0.0,0.0
0x05ed9694f8f17d71d6385b891ba4c799394d9e44,0.0,0.0,0.0
0x05ee3c534b3c640889148539568847b034424be8,0.0,0.0,0.0
0x05efc12df01a04a1e92d817d4bf5447178cb5f2f,0.0,0.0,0.0
0x05f0397c6dd5eb63b5ad51f9e7e87d0823e7632a,0.0,0.0,0.0
0x05f0b984052bafd32557c5edc33dd380c2e32762,0.0,0.0,0.0
0x05f1d03682e1f5c7da8028a2c0bdc73eded4f033,0.0,0.0,0.0
0x05f5471afc2822d6a8a72bffeb8d809518e87e7c,0.0,0.0,0.0
0x05f54eaf83bb7cb628a6424beb527eed605ac610,0.0,0.0,0.0
0x05f590fb73b66c9a681101e8bbd868975fb2b3c5,0.0,0.0,0.0
0x05f78c7f3e79c3a6c453d188b013e3812e52cabb,0.0,0.0,0.0
0x05f7ecf97b445a44b25ed19cd81f6e254c6ea7ff,0.0,0.0,0.0
0x05fc1b756b87591676b0970442fc6281db12e812,0.0,0.0,0.0
0x05fc68f4b7714389a17128653f82d50bee98e542,0.0,0.0,0.0
0x05fe433fa225928e856966bf00f1270281e6f663,0.0,0.0,0.0
0x0600de154559da51a7b68388cedc72bdda941ddb,0.0,0.0,0.0
0x060107c887eba77cccf5ddbcd9631e2371ab6f22,0.0,0.0,0.0
0x060557d6362d3f7e40381571fc85525c61c064c8,0.0,0.0,0.0
0x06056feef38a0c5ec0a1c7c8f3d4d4c06023b298,0.0,0.0,0.0
0x0607aa9076c72dab964a04dbf73ef9ba58206997,0.0,0.0,0.0
0x06089bceee94a485c61b311cb61934d5cf8a684e,0.0,0.0,0.0
0x0608dd91be17e1ecbab078a14a075bc8e9ae6b95,0.0,0.0,0.0
0x060ad357c1f777fb031e7404ac26ee88b5a704b5,0.0,0.0,0.0
0x060bbb0bcc744293a1e7df8dd7cc2ec81951bf94,0.0,0.0,0.0
0x060c5656a5cc445369c20042e57716e08789652a,0.0,0.0,0.0
0x060c7f117b1bc0f056b6c198d91dd5cc3b482b12,0.0,0.0,0.0
0x060cafc9f21db4171257ead799edb2fbffa56899,0.0,0.0,0.0
0x060cd95870d75c91168f12a451d71c3231a79c66,0.0,0.0,0.0
0x060cf7710b40686fd903894b9f65d10589d73f28,0.0,0.0,0.0
0x060d0cc814854f60cc6ca2566a047526a85f1d9a,0.0,0.0,0.0
0x061122cffab0f594d3689865e935b2961f0a309a,0.0,0.0,0.0
0x061150e5574716dbb1a2cdf54b3dce9f94395f65,0.0,0.0,0.0
0x0611afbf50787361164004b2596719e5116b7315,0.0,0.0,0.0
0x06127311a4fb86ffdce6f781d7db183e9c2a3d34,0.0,0.0,0.0
0x0613036cbb45c3eeaabdea389df101d6022f3684,0.0,0.0,0.0
0x0614d8ff2f527455e8fd8b4ed88abf3eab918f76,0.0,0.0,0.0
0x0614e07756390441cb246c886917487840e74f7d,0.0,0.0,0.0
0x0615774010b017e7ec09d228ef37d06564a1d825,0.0,0.0,0.0
0x06189341e523a52ae10c4bd4a7774371fac1b249,0.0,0.0,0.0
0x0618e615c8c9b5efc8c8eadc68be7182bdc455e2,0.0,0.0,0.0
0x06192f889f17bf2aff238d08d8c26cbcfcc7b45a,0.0,0.0,0.0
